class_name,prx_count,max_priority,classifications,prxs,update_addresses
MushroomCloud,5,130,FRAME_BASED_HIGH:5,LEVEL_03.PRX;LEVEL_16.PRX;LEVEL_17.PRX;LEVEL_18.PRX;LEVEL_19.PRX,0x092A7060;0x09277F5C;0x09277064;0x09282E58;0x0927A18C
CrossbowGun,16,125,FRAME_BASED_HIGH:16,LEVEL_01.PRX;LEVEL_02_clean.PRX;LEVEL_03.PRX;LEVEL_04.PRX;LEVEL_05.PRX;LEVEL_06.PRX;LEVEL_07.PRX;LEVEL_08.PRX;LEVEL_09.PRX;LEVEL_10.PRX;LEVEL_23.PRX;LEVEL_24.PRX;LEVEL_16.PRX;LEVEL_17.PRX;LEVEL_18.PRX;LEVEL_19.PRX,0x09264F54;0x09278284;0x0926045C;0x0926896C;0x0925AC00;0x09257728;0x09262660;0x092727A4;0x09258BD4;0x0925EDAC;0x0925B4F0;0x092530D4;0x09261020;0x0925EF14;0x0925FD94;0x092605D4
AgentsGlove,12,120,FRAME_BASED_HIGH:12,LEVEL_01.PRX;LEVEL_02_clean.PRX;LEVEL_03.PRX;LEVEL_04.PRX;LEVEL_05.PRX;LEVEL_06.PRX;LEVEL_07.PRX;LEVEL_08.PRX;LEVEL_09.PRX;LEVEL_10.PRX;LEVEL_23.PRX;LEVEL_24.PRX,0x09249A58;0x0924F3C8;0x092483E0;0x09251188;0x09245F20;0x0924179C;0x0924BCEC;0x092560F4;0x09243744;0x09247CB4;0x0923D6C4;0x0923FFB0
ElectroSoldierShot,2,120,FRAME_BASED_HIGH:2,LEVEL_07.PRX;LEVEL_09.PRX,0x092758C4;0x09263858
LunaBossBomb,1,120,FRAME_BASED_HIGH:1,LEVEL_08.PRX,0x092AED04
Meteor,1,120,FRAME_BASED_HIGH:1,LEVEL_16.PRX,0x09275438
BlitzGun,16,117,FRAME_BASED_HIGH:12;FRAME_MOVEMENT_SUSPECT:4,LEVEL_01.PRX;LEVEL_02_clean.PRX;LEVEL_03.PRX;LEVEL_04.PRX;LEVEL_05.PRX;LEVEL_06.PRX;LEVEL_07.PRX;LEVEL_08.PRX;LEVEL_09.PRX;LEVEL_10.PRX;LEVEL_23.PRX;LEVEL_24.PRX;LEVEL_16.PRX;LEVEL_17.PRX;LEVEL_18.PRX;LEVEL_19.PRX,0x092542B0;0x0925A144;0x09253ED0;0x0925BCE4;0x09250800;0x0924BFF4;0x09256834;0x092619FC;0x0924DF9C;0x09252BDC;0x09257518;0x0924B13C;0x09257ADC;0x09255A44;0x09257E64;0x092588A0
BlasterShot,17,115,FRAME_BASED_HIGH:17,LEVEL_01.PRX;LEVEL_02_clean.PRX;LEVEL_03.PRX;LEVEL_04.PRX;LEVEL_05.PRX;LEVEL_06.PRX;LEVEL_07.PRX;LEVEL_08.PRX;LEVEL_09.PRX;LEVEL_10.PRX;LEVEL_16.PRX;LEVEL_17.PRX;LEVEL_18.PRX;LEVEL_19.PRX;LEVEL_22.PRX;LEVEL_23.PRX;LEVEL_24.PRX,0x09251E30;0x09257CC4;0x09251A50;0x09259864;0x0924E380;0x09249B74;0x092543B4;0x0925F57C;0x0924BB1C;0x0925075C;0x09255B10;0x09253A78;0x09255E98;0x092568D4;0x092312DC;0x09255098;0x09248CBC
CrossbowShot,16,115,FRAME_BASED_HIGH:16,LEVEL_01.PRX;LEVEL_02_clean.PRX;LEVEL_03.PRX;LEVEL_04.PRX;LEVEL_05.PRX;LEVEL_06.PRX;LEVEL_07.PRX;LEVEL_08.PRX;LEVEL_09.PRX;LEVEL_10.PRX;LEVEL_16.PRX;LEVEL_17.PRX;LEVEL_18.PRX;LEVEL_19.PRX;LEVEL_23.PRX;LEVEL_24.PRX,0x09266AEC;0x09279E1C;0x09261FF4;0x0926A504;0x0925C798;0x092592C0;0x092641F8;0x0927433C;0x0925A76C;0x09260944;0x09262C1C;0x09260B10;0x09261990;0x092621D0;0x0925D088;0x09254C6C
ExplosiveBee,16,115,FRAME_BASED_HIGH:16,LEVEL_01.PRX;LEVEL_02_clean.PRX;LEVEL_03.PRX;LEVEL_04.PRX;LEVEL_05.PRX;LEVEL_06.PRX;LEVEL_07.PRX;LEVEL_08.PRX;LEVEL_09.PRX;LEVEL_10.PRX;LEVEL_16.PRX;LEVEL_17.PRX;LEVEL_18.PRX;LEVEL_19.PRX;LEVEL_23.PRX;LEVEL_24.PRX,0x09272EB0;0x09287108;0x0926FD48;0x0927C714;0x09268EC4;0x092644A8;0x0927C3A4;0x09289244;0x09268394;0x09270F44;0x0926C7D4;0x092672F0;0x0926BA70;0x09268B7C;0x09263BB0;0x0925B990
CrystalGroundShard,13,115,FRAME_BASED_HIGH:13,LEVEL_01.PRX;LEVEL_02_clean.PRX;LEVEL_03.PRX;LEVEL_04.PRX;LEVEL_05.PRX;LEVEL_06.PRX;LEVEL_07.PRX;LEVEL_08.PRX;LEVEL_09.PRX;LEVEL_10.PRX;LEVEL_22.PRX;LEVEL_23.PRX;LEVEL_24.PRX,0x09267E68;0x0927B198;0x09263370;0x0926B880;0x0925DB14;0x0925A63C;0x09265574;0x092756B8;0x0925BAE8;0x09261CC0;0x09233BC0;0x0925E404;0x09255FE8
MobyIce,13,115,FRAME_BASED_HIGH:13,LEVEL_01.PRX;LEVEL_02_clean.PRX;LEVEL_03.PRX;LEVEL_04.PRX;LEVEL_05.PRX;LEVEL_06.PRX;LEVEL_07.PRX;LEVEL_08.PRX;LEVEL_09.PRX;LEVEL_10.PRX;LEVEL_22.PRX;LEVEL_23.PRX;LEVEL_24.PRX,0x0929211C;0x092A6D84;0x09299C00;0x0929A010;0x0928ED0C;0x0928B2BC;0x092A2A0C;0x092B8648;0x092873EC;0x092918D8;0x0923C268;0x09277D0C;0x092762A0
SuckCannonManager,13,115,FRAME_BASED_HIGH:13,LEVEL_01.PRX;LEVEL_02_clean.PRX;LEVEL_03.PRX;LEVEL_04.PRX;LEVEL_05.PRX;LEVEL_06.PRX;LEVEL_07.PRX;LEVEL_08.PRX;LEVEL_09.PRX;LEVEL_10.PRX;LEVEL_19.PRX;LEVEL_23.PRX;LEVEL_24.PRX,0x092B164C;0x092D4BC4;0x092C6F84;0x092BA4A8;0x092AEC00;0x092A8AB8;0x092C822C;0x092E0B88;0x092A7A74;0x092BE774;0x09292F1C;0x0929792C;0x0928F288
EnergyBlade,1,115,FRAME_BASED_HIGH:1,LEVEL_08.PRX,0x0928785C
PsychicGirder,1,115,FRAME_BASED_HIGH:1,LEVEL_10.PRX,0x092A513C
Lvl05MBBomb,1,111,FRAME_MOVEMENT_SUSPECT:1,LEVEL_05.PRX,0x09283FE8
Lvl09HeartPulse,1,111,FRAME_MOVEMENT_SUSPECT:1,LEVEL_09.PRX,0x09281AA4
MiniTurretBall,1,110,FRAME_MOVEMENT_SUSPECT:1,LEVEL_24.PRX,0x092740AC
GravityCrystal,13,100,FRAME_MOVEMENT_SUSPECT:13,LEVEL_01.PRX;LEVEL_02_clean.PRX;LEVEL_03.PRX;LEVEL_04.PRX;LEVEL_05.PRX;LEVEL_06.PRX;LEVEL_07.PRX;LEVEL_08.PRX;LEVEL_09.PRX;LEVEL_10.PRX;LEVEL_22.PRX;LEVEL_23.PRX;LEVEL_24.PRX,0x0927CB30;0x09291B30;0x09279E6C;0x09285084;0x092716F0;0x0926A7B0;0x09283FBC;0x09291370;0x0926DC64;0x0927A128;0x09239A94;0x0926C460;0x09260C68
Polarizer,15,91,FRAME_MOVEMENT_SUSPECT:15,LEVEL_01.PRX;LEVEL_02_clean.PRX;LEVEL_03.PRX;LEVEL_04.PRX;LEVEL_05.PRX;LEVEL_06.PRX;LEVEL_07.PRX;LEVEL_08.PRX;LEVEL_09.PRX;LEVEL_10.PRX;LEVEL_18.PRX;LEVEL_19.PRX;LEVEL_22.PRX;LEVEL_23.PRX;LEVEL_24.PRX,0x09298D58;0x092AE69C;0x092AC9F8;0x092A190C;0x09294D3C;0x09291458;0x092A8E20;0x092C5304;0x0928F14C;0x092A0334;0x0928D59C;0x092849A8;0x0923D804;0x0927DD3C;0x0927C2D0
Bombglove,16,90,FRAME_MOVEMENT_SUSPECT:16,LEVEL_01.PRX;LEVEL_02_clean.PRX;LEVEL_03.PRX;LEVEL_04.PRX;LEVEL_05.PRX;LEVEL_06.PRX;LEVEL_07.PRX;LEVEL_08.PRX;LEVEL_09.PRX;LEVEL_10.PRX;LEVEL_16.PRX;LEVEL_17.PRX;LEVEL_18.PRX;LEVEL_19.PRX;LEVEL_23.PRX;LEVEL_24.PRX,0x0925B4F4;0x092613A0;0x0925B114;0x09262548;0x0925704C;0x09252840;0x0925DA90;0x09268294;0x092547E8;0x0925948C;0x0925B9B8;0x092598AC;0x0925BCD0;0x0925B660;0x0925A200;0x09251988
Mootator,16,90,DELTA_AWARE:4;FRAME_MOVEMENT_SUSPECT:12,LEVEL_01.PRX;LEVEL_02_clean.PRX;LEVEL_03.PRX;LEVEL_04.PRX;LEVEL_05.PRX;LEVEL_06.PRX;LEVEL_07.PRX;LEVEL_08.PRX;LEVEL_09.PRX;LEVEL_10.PRX;LEVEL_23.PRX;LEVEL_24.PRX;LEVEL_16.PRX;LEVEL_17.PRX;LEVEL_18.PRX;LEVEL_19.PRX,0x09294064;0x092A8CCC;0x0929BEC4;0x0929BF58;0x09290C54;0x0928D204;0x092A4CD0;0x092BE640;0x09289334;0x09293B9C;0x09279C54;0x092781E8;0x092771B8;0x092762C0;0x092820B4;0x092720FC
ShockRocketShot,16,90,FRAME_MOVEMENT_SUSPECT:16,LEVEL_01.PRX;LEVEL_02_clean.PRX;LEVEL_03.PRX;LEVEL_04.PRX;LEVEL_05.PRX;LEVEL_06.PRX;LEVEL_07.PRX;LEVEL_08.PRX;LEVEL_09.PRX;LEVEL_10.PRX;LEVEL_16.PRX;LEVEL_17.PRX;LEVEL_18.PRX;LEVEL_19.PRX;LEVEL_23.PRX;LEVEL_24.PRX,0x092AA820;0x092C9674;0x092BD024;0x092B2CA4;0x092A568C;0x092A240C;0x092BC780;0x092D6D4C;0x0929E164;0x092B76D4;0x09293C38;0x092892C4;0x09298A90;0x0928E310;0x0928D534;0x092895A8
SuckCannonComet,13,90,FRAME_MOVEMENT_SUSPECT:13,LEVEL_01.PRX;LEVEL_02_clean.PRX;LEVEL_03.PRX;LEVEL_04.PRX;LEVEL_05.PRX;LEVEL_06.PRX;LEVEL_07.PRX;LEVEL_08.PRX;LEVEL_09.PRX;LEVEL_10.PRX;LEVEL_19.PRX;LEVEL_23.PRX;LEVEL_24.PRX,0x092D4AF4;0x092EA5D8;0x092E7354;0x092E790C;0x092C4124;0x092C510C;0x092E1DD8;0x0930F210;0x092BFF94;0x092DB94C;0x092A630C;0x092A8D98;0x092A7ED8
AgentsGrenade,12,90,FRAME_MOVEMENT_SUSPECT:12,LEVEL_01.PRX;LEVEL_02_clean.PRX;LEVEL_03.PRX;LEVEL_04.PRX;LEVEL_05.PRX;LEVEL_06.PRX;LEVEL_07.PRX;LEVEL_08.PRX;LEVEL_09.PRX;LEVEL_10.PRX;LEVEL_23.PRX;LEVEL_24.PRX,0x0924A4CC;0x0924FE3C;0x09248E54;0x09251BFC;0x09246994;0x09242210;0x0924C760;0x09256B68;0x092441B8;0x09248728;0x0923E138;0x09240A24
NapalmBubble,12,90,FRAME_MOVEMENT_SUSPECT:12,LEVEL_01.PRX;LEVEL_02_clean.PRX;LEVEL_03.PRX;LEVEL_04.PRX;LEVEL_05.PRX;LEVEL_06.PRX;LEVEL_07.PRX;LEVEL_08.PRX;LEVEL_09.PRX;LEVEL_10.PRX;LEVEL_23.PRX;LEVEL_24.PRX,0x092969E0;0x092AC6D4;0x092AA6FC;0x0929E8D4;0x092935D0;0x0928FCEC;0x092A764C;0x092C0FBC;0x0928D978;0x09296978;0x0927C5D0;0x0927AB64
ShrinkBeam,12,90,FRAME_MOVEMENT_SUSPECT:12,LEVEL_01.PRX;LEVEL_02_clean.PRX;LEVEL_03.PRX;LEVEL_04.PRX;LEVEL_05.PRX;LEVEL_06.PRX;LEVEL_07.PRX;LEVEL_08.PRX;LEVEL_09.PRX;LEVEL_10.PRX;LEVEL_23.PRX;LEVEL_24.PRX,0x092ABD2C;0x092CAF74;0x092BE660;0x092B45A4;0x092A6B60;0x092A38E0;0x092C0B3C;0x092D864C;0x092A1DD4;0x092B90A8;0x0928EA08;0x0928AA7C
MicrobotTossGoal,2,90,FRAME_MOVEMENT_SUSPECT:2,LEVEL_04.PRX;LEVEL_08.PRX,0x09298040;0x092B6524
DSC_Laser,1,90,FRAME_MOVEMENT_SUSPECT:1,LEVEL_07.PRX,0x0926DDAC
Geyser,1,90,FRAME_MOVEMENT_SUSPECT:1,LEVEL_18.PRX,0x09271FE4
PODBomb,1,90,FRAME_MOVEMENT_SUSPECT:1,LEVEL_03.PRX,0x092AB56C
SurvivalBot,3,70,FRAME_TIMER_SUSPECT:3,LEVEL_04.PRX;LEVEL_08.PRX;LEVEL_24.PRX,0x092BC7A0;0x092E2E80;0x09291580
MiniTurret,1,70,FRAME_TIMER_SUSPECT:1,LEVEL_24.PRX,0x092736B0
ElectroBall,16,65,FRAME_TIMER_SUSPECT:16,LEVEL_01.PRX;LEVEL_02_clean.PRX;LEVEL_03.PRX;LEVEL_04.PRX;LEVEL_05.PRX;LEVEL_06.PRX;LEVEL_07.PRX;LEVEL_08.PRX;LEVEL_09.PRX;LEVEL_10.PRX;LEVEL_16.PRX;LEVEL_17.PRX;LEVEL_18.PRX;LEVEL_19.PRX;LEVEL_23.PRX;LEVEL_24.PRX,0x0926C8EC;0x0927F334;0x092698B0;0x0927279C;0x0926164C;0x0925E188;0x09270B5C;0x0927D490;0x0925F6A8;0x09264F34;0x09267824;0x09265718;0x092671E4;0x09266FA4;0x0926114C;0x09258F2C
Flamethrower,16,65,FRAME_TIMER_SUSPECT:16,LEVEL_01.PRX;LEVEL_02_clean.PRX;LEVEL_03.PRX;LEVEL_04.PRX;LEVEL_05.PRX;LEVEL_06.PRX;LEVEL_07.PRX;LEVEL_08.PRX;LEVEL_09.PRX;LEVEL_10.PRX;LEVEL_16.PRX;LEVEL_17.PRX;LEVEL_18.PRX;LEVEL_19.PRX;LEVEL_23.PRX;LEVEL_24.PRX,0x092755F0;0x0928918C;0x09273640;0x0927EE54;0x0926AF48;0x0926652C;0x0927E428;0x0928D408;0x0926A418;0x09272FC8;0x09270344;0x0926AE60;0x0926F5E0;0x0926C6EC;0x09265C34;0x0925DA14
TripleWaveBeacon,12,65,FRAME_TIMER_SUSPECT:12,LEVEL_01.PRX;LEVEL_02_clean.PRX;LEVEL_03.PRX;LEVEL_04.PRX;LEVEL_05.PRX;LEVEL_06.PRX;LEVEL_07.PRX;LEVEL_08.PRX;LEVEL_09.PRX;LEVEL_10.PRX;LEVEL_23.PRX;LEVEL_24.PRX,0x092C1F14;0x092D8C84;0x092D3C9C;0x092CC788;0x092B239C;0x092B1920;0x092CD7CC;0x092EE238;0x092AC204;0x092C4E70;0x0929AFC8;0x09298C6C
MiniTurretGlove,1,65,FRAME_TIMER_SUSPECT:1,LEVEL_24.PRX,0x092744AC
PsychicBomb,1,65,FRAME_TIMER_SUSPECT:1,LEVEL_10.PRX,0x092A4674
MegaCannonShot,1,64,FRAME_TIMER_SUSPECT:1,LEVEL_18.PRX,0x0927EED4
Blaster,17,60,FRAME_TIMER_SUSPECT:17,LEVEL_01.PRX;LEVEL_02_clean.PRX;LEVEL_03.PRX;LEVEL_04.PRX;LEVEL_05.PRX;LEVEL_06.PRX;LEVEL_07.PRX;LEVEL_08.PRX;LEVEL_09.PRX;LEVEL_10.PRX;LEVEL_16.PRX;LEVEL_17.PRX;LEVEL_18.PRX;LEVEL_19.PRX;LEVEL_22.PRX;LEVEL_23.PRX;LEVEL_24.PRX,0x09250700;0x09256594;0x09250320;0x09258134;0x0924CC50;0x09248444;0x09252C84;0x0925DE4C;0x0924A3EC;0x0924DDE4;0x09253EA4;0x09251E0C;0x0925422C;0x09254C68;0x0922FBAC;0x09253968;0x0924758C
Wrench,17,60,FRAME_TIMER_SUSPECT:13;NO_STATIC_FLAG:4,LEVEL_01.PRX;LEVEL_02_clean.PRX;LEVEL_03.PRX;LEVEL_04.PRX;LEVEL_05.PRX;LEVEL_06.PRX;LEVEL_07.PRX;LEVEL_08.PRX;LEVEL_09.PRX;LEVEL_10.PRX;LEVEL_22.PRX;LEVEL_23.PRX;LEVEL_24.PRX;LEVEL_16.PRX;LEVEL_17.PRX;LEVEL_18.PRX;LEVEL_19.PRX,0x092C38E8;0x092D9A04;0x092D49FC;0x092D1CE0;0x092B3464;0x092B309C;0x092CE54C;0x092F3790;0x092ACF64;0x092C66BC;0x0924797C;0x0929B884;0x09299528;0x0929C7E0;0x09290EB4;0x0929FA10;0x092982D4
BlitzGunShot,16,60,FRAME_TIMER_SUSPECT:16,LEVEL_01.PRX;LEVEL_02_clean.PRX;LEVEL_03.PRX;LEVEL_04.PRX;LEVEL_05.PRX;LEVEL_06.PRX;LEVEL_07.PRX;LEVEL_08.PRX;LEVEL_09.PRX;LEVEL_10.PRX;LEVEL_16.PRX;LEVEL_17.PRX;LEVEL_18.PRX;LEVEL_19.PRX;LEVEL_23.PRX;LEVEL_24.PRX,0x09255EE8;0x0925BD7C;0x09255B08;0x0925D91C;0x09252438;0x0924DC2C;0x0925846C;0x09263634;0x0924FBD4;0x09254814;0x09259734;0x0925769C;0x09259ABC;0x0925A4F8;0x09259150;0x0924CD74
Spitfire,16,60,FRAME_TIMER_SUSPECT:16,LEVEL_01.PRX;LEVEL_02_clean.PRX;LEVEL_03.PRX;LEVEL_04.PRX;LEVEL_05.PRX;LEVEL_06.PRX;LEVEL_07.PRX;LEVEL_08.PRX;LEVEL_09.PRX;LEVEL_10.PRX;LEVEL_16.PRX;LEVEL_17.PRX;LEVEL_18.PRX;LEVEL_19.PRX;LEVEL_23.PRX;LEVEL_24.PRX,0x092AD7A0;0x092CC1EC;0x092C30D8;0x092B65FC;0x092A801C;0x092A4C0C;0x092C1DF0;0x092DA74C;0x092A3BC8;0x092BA8C8;0x09295EBC;0x0928B544;0x09299D64;0x0928F47C;0x092940A8;0x0928BA04
LaserTracer,12,60,FRAME_TIMER_SUSPECT:12,LEVEL_01.PRX;LEVEL_02_clean.PRX;LEVEL_03.PRX;LEVEL_04.PRX;LEVEL_05.PRX;LEVEL_06.PRX;LEVEL_07.PRX;LEVEL_08.PRX;LEVEL_09.PRX;LEVEL_10.PRX;LEVEL_23.PRX;LEVEL_24.PRX,0x092829EC;0x09297380;0x092846B4;0x0928A52C;0x092763D0;0x09277C90;0x0928E558;0x092A0714;0x09277F10;0x09284594;0x09270B28;0x09269ED8
BoltCrankBolt,4,60,FRAME_TIMER_SUSPECT:4,LEVEL_01.PRX;LEVEL_02_clean.PRX;LEVEL_03.PRX;LEVEL_07.PRX,0x0925A780;0x0926062C;0x0925A3A0;0x0925CD1C
PowerupMod,4,60,FRAME_TIMER_SUSPECT:4,LEVEL_16.PRX;LEVEL_17.PRX;LEVEL_18.PRX;LEVEL_19.PRX,0x0928B558;0x09283AC0;0x092915F0;0x09288C18
PowerupUpgrade,4,60,FRAME_TIMER_SUSPECT:4,LEVEL_16.PRX;LEVEL_17.PRX;LEVEL_18.PRX;LEVEL_19.PRX,0x0928D1B4;0x0928571C;0x0929324C;0x0928A874
ShieldBubble,3,60,FRAME_TIMER_SUSPECT:3,LEVEL_04.PRX;LEVEL_08.PRX;LEVEL_10.PRX,0x092ACBFC;0x092D0CA4;0x092B0F5C
DerbyPowerup,2,60,FRAME_TIMER_SUSPECT:2,LEVEL_04.PRX;LEVEL_08.PRX,0x0926CD9C;0x09277A90
DerbyPowerupHealth,2,60,FRAME_TIMER_SUSPECT:2,LEVEL_04.PRX;LEVEL_08.PRX,0x0926DC70;0x09278964
Microbot,2,60,FRAME_TIMER_SUSPECT:2,LEVEL_04.PRX;LEVEL_08.PRX,0x092942E4;0x092B27C8
MicrobotTossTeleporter,2,60,FRAME_TIMER_SUSPECT:2,LEVEL_04.PRX;LEVEL_08.PRX,0x092989A8;0x092B6E8C
VehicleMissile,2,60,FRAME_TIMER_SUSPECT:2,LEVEL_04.PRX;LEVEL_08.PRX,0x092D0BA0;0x092F2650
LunaRock,1,60,FRAME_TIMER_SUSPECT:1,LEVEL_08.PRX,0x092B0144
MiniTurretRocket,1,60,FRAME_TIMER_SUSPECT:1,LEVEL_24.PRX,0x09274F14
ObstacleSaw,1,60,FRAME_TIMER_SUSPECT:1,LEVEL_04.PRX,0x0929F724
ElectroshockWave,13,38,FIXED_DT_REVIEW:13,LEVEL_01.PRX;LEVEL_02_clean.PRX;LEVEL_03.PRX;LEVEL_04.PRX;LEVEL_05.PRX;LEVEL_06.PRX;LEVEL_07.PRX;LEVEL_08.PRX;LEVEL_09.PRX;LEVEL_10.PRX;LEVEL_22.PRX;LEVEL_23.PRX;LEVEL_24.PRX,0x0926E010;0x09280A58;0x0926AFD4;0x09273EC0;0x09262D70;0x0925F8AC;0x09272280;0x0927EBB4;0x09260DCC;0x09266658;0x09234DD8;0x09262870;0x0925A650
AgentsRocket,12,38,FIXED_DT_REVIEW:12,LEVEL_01.PRX;LEVEL_02_clean.PRX;LEVEL_03.PRX;LEVEL_04.PRX;LEVEL_05.PRX;LEVEL_06.PRX;LEVEL_07.PRX;LEVEL_08.PRX;LEVEL_09.PRX;LEVEL_10.PRX;LEVEL_23.PRX;LEVEL_24.PRX,0x0924B954;0x092512C4;0x0924A2DC;0x09253084;0x09247E1C;0x09243698;0x0924DBE8;0x09257FF0;0x09245640;0x09249BB0;0x0923F5C0;0x09241EAC
HeavyTorsoShrapnel,2,38,FIXED_DT_REVIEW:2,LEVEL_06.PRX;LEVEL_08.PRX,0x092723D8;0x0929B344
Lvl05Berry,1,38,FIXED_DT_REVIEW:1,LEVEL_05.PRX,0x0927D054
QuarkChainsaw,1,38,FIXED_DT_REVIEW:1,LEVEL_05.PRX,0x0929908C
SwarmManager,16,21,LOW_CONFIDENCE_COUNTER:16,LEVEL_01.PRX;LEVEL_02_clean.PRX;LEVEL_03.PRX;LEVEL_04.PRX;LEVEL_05.PRX;LEVEL_06.PRX;LEVEL_07.PRX;LEVEL_08.PRX;LEVEL_09.PRX;LEVEL_10.PRX;LEVEL_16.PRX;LEVEL_17.PRX;LEVEL_18.PRX;LEVEL_19.PRX;LEVEL_23.PRX;LEVEL_24.PRX,0x092B271C;0x092D5C94;0x092C8054;0x092C1268;0x092AFCD0;0x092A9B88;0x092C92FC;0x092E7948;0x092A8B44;0x092BF844;0x0929819C;0x0928D824;0x0929C2F8;0x09294120;0x092989FC;0x09296048
Ryno,12,21,LOW_CONFIDENCE_COUNTER:12,LEVEL_01.PRX;LEVEL_02_clean.PRX;LEVEL_03.PRX;LEVEL_04.PRX;LEVEL_05.PRX;LEVEL_06.PRX;LEVEL_07.PRX;LEVEL_08.PRX;LEVEL_09.PRX;LEVEL_10.PRX;LEVEL_23.PRX;LEVEL_24.PRX,0x092A2928;0x092C2C4C;0x092B65FC;0x092AB244;0x0929DDB8;0x0929868C;0x092B5D58;0x092CEF08;0x0929773C;0x092ACD88;0x09286D74;0x09282F64
RynoRocket,12,21,LOW_CONFIDENCE_COUNTER:12,LEVEL_01.PRX;LEVEL_02_clean.PRX;LEVEL_03.PRX;LEVEL_04.PRX;LEVEL_05.PRX;LEVEL_06.PRX;LEVEL_07.PRX;LEVEL_08.PRX;LEVEL_09.PRX;LEVEL_10.PRX;LEVEL_23.PRX;LEVEL_24.PRX,0x092A3398;0x092C36BC;0x092B706C;0x092ABCB4;0x0929E828;0x092990FC;0x092B67C8;0x092CF978;0x092981AC;0x092AD7F8;0x092877E4;0x092839D4
GiantClankRocket,1,21,LOW_CONFIDENCE_COUNTER:1,LEVEL_10.PRX,0x09278B44
IntMachine,1,21,LOW_CONFIDENCE_COUNTER:1,LEVEL_10.PRX,0x092803F4
Level10CrateDoor,1,21,LOW_CONFIDENCE_COUNTER:1,LEVEL_10.PRX,0x0928AFEC
LunaRockShrapnel,1,21,LOW_CONFIDENCE_COUNTER:1,LEVEL_08.PRX,0x092B09E4
ObstacleThresher,1,21,LOW_CONFIDENCE_COUNTER:1,LEVEL_08.PRX,0x092C32B4
ShockWave,1,21,LOW_CONFIDENCE_COUNTER:1,LEVEL_10.PRX,0x092B8590
TreehouseTurretPickup,1,21,LOW_CONFIDENCE_COUNTER:1,LEVEL_24.PRX,0x09298414
Hypershot,17,5,DELTA_AWARE:17,LEVEL_01.PRX;LEVEL_02_clean.PRX;LEVEL_03.PRX;LEVEL_04.PRX;LEVEL_05.PRX;LEVEL_06.PRX;LEVEL_07.PRX;LEVEL_08.PRX;LEVEL_09.PRX;LEVEL_10.PRX;LEVEL_16.PRX;LEVEL_17.PRX;LEVEL_18.PRX;LEVEL_19.PRX;LEVEL_22.PRX;LEVEL_23.PRX;LEVEL_24.PRX,0x0927E654;0x09292858;0x09280548;0x092863C0;0x09272264;0x09273B24;0x09289A30;0x0929BC54;0x09273B78;0x092801F0;0x09272FCC;0x09271C00;0x0927429C;0x0926F728;0x09239FB4;0x0926CB34;0x09265EE4
Acidbomb,16,5,DELTA_AWARE:16,LEVEL_01.PRX;LEVEL_02_clean.PRX;LEVEL_03.PRX;LEVEL_04.PRX;LEVEL_05.PRX;LEVEL_06.PRX;LEVEL_07.PRX;LEVEL_08.PRX;LEVEL_09.PRX;LEVEL_10.PRX;LEVEL_16.PRX;LEVEL_17.PRX;LEVEL_18.PRX;LEVEL_19.PRX;LEVEL_23.PRX;LEVEL_24.PRX,0x09241234;0x09246BA4;0x0923FAF4;0x09248964;0x0923D6FC;0x09238EB0;0x09243400;0x0924D808;0x0923AE58;0x0923F3C8;0x0924E9CC;0x0924C934;0x0924EAF8;0x0924F790;0x09234EA0;0x092376C4
BeeMineGlove,16,5,DELTA_AWARE:16,LEVEL_01.PRX;LEVEL_02_clean.PRX;LEVEL_03.PRX;LEVEL_04.PRX;LEVEL_05.PRX;LEVEL_06.PRX;LEVEL_07.PRX;LEVEL_08.PRX;LEVEL_09.PRX;LEVEL_10.PRX;LEVEL_16.PRX;LEVEL_17.PRX;LEVEL_18.PRX;LEVEL_19.PRX;LEVEL_23.PRX;LEVEL_24.PRX,0x0924F690;0x09255524;0x0924F2B0;0x092570C4;0x0924BBE0;0x092473D4;0x09251C14;0x0925CDDC;0x0924937C;0x0924CD74;0x09252B30;0x09250A98;0x09252EB8;0x092538F4;0x092528F8;0x09245EEC
AgentsLaser,12,5,DELTA_AWARE:12,LEVEL_01.PRX;LEVEL_02_clean.PRX;LEVEL_03.PRX;LEVEL_04.PRX;LEVEL_05.PRX;LEVEL_06.PRX;LEVEL_07.PRX;LEVEL_08.PRX;LEVEL_09.PRX;LEVEL_10.PRX;LEVEL_23.PRX;LEVEL_24.PRX,0x0924AE04;0x09250774;0x0924978C;0x09252534;0x092472CC;0x09242B48;0x0924D098;0x092574A0;0x09244AF0;0x09249060;0x0923EA70;0x0924135C
PlayerTurretShot,4,5,DELTA_AWARE:4,LEVEL_16.PRX;LEVEL_17.PRX;LEVEL_18.PRX;LEVEL_19.PRX,0x09282F64;0x0927F278;0x0928B06C;0x092823A0
PowerupWeapon,4,5,DELTA_AWARE:4,LEVEL_16.PRX;LEVEL_17.PRX;LEVEL_18.PRX;LEVEL_19.PRX,0x0928EE68;0x092873D0;0x09294F00;0x0928C528
HomingBeacon,1,5,DELTA_AWARE:1,LEVEL_17.PRX,0x0926D3FC
ArmorLeftFoot,17,0,NO_STATIC_FLAG:17,LEVEL_01.PRX;LEVEL_02_clean.PRX;LEVEL_03.PRX;LEVEL_04.PRX;LEVEL_05.PRX;LEVEL_06.PRX;LEVEL_07.PRX;LEVEL_08.PRX;LEVEL_09.PRX;LEVEL_10.PRX;LEVEL_16.PRX;LEVEL_17.PRX;LEVEL_18.PRX;LEVEL_19.PRX;LEVEL_22.PRX;LEVEL_23.PRX;LEVEL_24.PRX,0x0924C264;0x09251E08;0x0924BB94;0x09254A44;0x0924872C;0x09243FA8;0x0924E4F8;0x092599B0;0x09245F50;0x0924A6F4;0x092504A0;0x0924E408;0x092505CC;0x09251264;0x0922F494;0x0924F4CC;0x0924386C
ArmorRightFoot,17,0,NO_STATIC_FLAG:17,LEVEL_01.PRX;LEVEL_02_clean.PRX;LEVEL_03.PRX;LEVEL_04.PRX;LEVEL_05.PRX;LEVEL_06.PRX;LEVEL_07.PRX;LEVEL_08.PRX;LEVEL_09.PRX;LEVEL_10.PRX;LEVEL_16.PRX;LEVEL_17.PRX;LEVEL_18.PRX;LEVEL_19.PRX;LEVEL_22.PRX;LEVEL_23.PRX;LEVEL_24.PRX,0x0924D040;0x09252BE4;0x0924C970;0x09254A74;0x09249590;0x09244D84;0x0924F2D4;0x0925A78C;0x09246D2C;0x0924A724;0x092504B8;0x0924E420;0x092505E4;0x0925127C;0x0922F4C4;0x092502A8;0x0924389C
BlasterAkimbo,17,0,NO_STATIC_FLAG:17,LEVEL_01.PRX;LEVEL_02_clean.PRX;LEVEL_03.PRX;LEVEL_04.PRX;LEVEL_05.PRX;LEVEL_06.PRX;LEVEL_07.PRX;LEVEL_08.PRX;LEVEL_09.PRX;LEVEL_10.PRX;LEVEL_16.PRX;LEVEL_17.PRX;LEVEL_18.PRX;LEVEL_19.PRX;LEVEL_22.PRX;LEVEL_23.PRX;LEVEL_24.PRX,0x09251794;0x09257628;0x092513B4;0x092591C8;0x0924DCE4;0x092494D8;0x09253D18;0x0925EEE0;0x0924B480;0x0924EE78;0x09255068;0x09252FD0;0x092553F0;0x09255E2C;0x09230C40;0x092549FC;0x09248620
AcidbombEpoxy,16,0,NO_STATIC_FLAG:16,LEVEL_01.PRX;LEVEL_02_clean.PRX;LEVEL_03.PRX;LEVEL_04.PRX;LEVEL_05.PRX;LEVEL_06.PRX;LEVEL_07.PRX;LEVEL_08.PRX;LEVEL_09.PRX;LEVEL_10.PRX;LEVEL_16.PRX;LEVEL_17.PRX;LEVEL_18.PRX;LEVEL_19.PRX;LEVEL_23.PRX;LEVEL_24.PRX,0x09242708;0x09248078;0x09240FC8;0x09249E38;0x0923EBD0;0x0923A384;0x092448D4;0x0924ECDC;0x0923C32C;0x0924089C;0x0924FF48;0x0924DEB0;0x09250074;0x09250D0C;0x09236374;0x09238B98
BeeMineShrapnel,16,0,NO_STATIC_FLAG:16,LEVEL_01.PRX;LEVEL_02_clean.PRX;LEVEL_03.PRX;LEVEL_04.PRX;LEVEL_05.PRX;LEVEL_06.PRX;LEVEL_07.PRX;LEVEL_08.PRX;LEVEL_09.PRX;LEVEL_10.PRX;LEVEL_16.PRX;LEVEL_17.PRX;LEVEL_18.PRX;LEVEL_19.PRX;LEVEL_23.PRX;LEVEL_24.PRX,0x09250008;0x09255E9C;0x0924FC28;0x09257A3C;0x0924C558;0x09247D4C;0x0925258C;0x0925D754;0x09249CF4;0x0924D6EC;0x0925349C;0x09251404;0x09253824;0x09254260;0x09253270;0x09246864
CowBell,16,0,NO_STATIC_FLAG:16,LEVEL_01.PRX;LEVEL_02_clean.PRX;LEVEL_03.PRX;LEVEL_04.PRX;LEVEL_05.PRX;LEVEL_06.PRX;LEVEL_07.PRX;LEVEL_08.PRX;LEVEL_09.PRX;LEVEL_10.PRX;LEVEL_16.PRX;LEVEL_17.PRX;LEVEL_18.PRX;LEVEL_19.PRX;LEVEL_23.PRX;LEVEL_24.PRX,0x0925D6B0;0x09274E80;0x0925D550;0x09267DFC;0x09258494;0x0925504C;0x0925F920;0x0926FA64;0x092564F8;0x0925C06C;0x0925C330;0x0925A224;0x0925C648;0x0925BFD8;0x0925B1C4;0x09252DA8
ShockRocket,16,0,NO_STATIC_FLAG:16,LEVEL_01.PRX;LEVEL_02_clean.PRX;LEVEL_03.PRX;LEVEL_04.PRX;LEVEL_05.PRX;LEVEL_06.PRX;LEVEL_07.PRX;LEVEL_08.PRX;LEVEL_09.PRX;LEVEL_10.PRX;LEVEL_16.PRX;LEVEL_17.PRX;LEVEL_18.PRX;LEVEL_19.PRX;LEVEL_23.PRX;LEVEL_24.PRX,0x092A9654;0x092C84A8;0x092BBE58;0x092B1AD8;0x092A44C0;0x092A1240;0x092BB5B4;0x092D5B80;0x0929CF98;0x092B6508;0x09292A38;0x092880C4;0x09297890;0x0928D110;0x0928C368;0x092883DC
ArmorHelmet,13,0,NO_STATIC_FLAG:13,LEVEL_01.PRX;LEVEL_02_clean.PRX;LEVEL_03.PRX;LEVEL_04.PRX;LEVEL_05.PRX;LEVEL_06.PRX;LEVEL_07.PRX;LEVEL_08.PRX;LEVEL_09.PRX;LEVEL_10.PRX;LEVEL_22.PRX;LEVEL_23.PRX;LEVEL_24.PRX,0x0924C24C;0x09251DF0;0x0924BB7C;0x09254A2C;0x09248714;0x09243F90;0x0924E4E0;0x09259998;0x09245F38;0x0924A6DC;0x0922F47C;0x0924F4B4;0x09243854
ArmorTorso,13,0,NO_STATIC_FLAG:13,LEVEL_01.PRX;LEVEL_02_clean.PRX;LEVEL_03.PRX;LEVEL_04.PRX;LEVEL_05.PRX;LEVEL_06.PRX;LEVEL_07.PRX;LEVEL_08.PRX;LEVEL_09.PRX;LEVEL_10.PRX;LEVEL_22.PRX;LEVEL_23.PRX;LEVEL_24.PRX,0x0924D070;0x09252C14;0x0924C9A0;0x09254AA4;0x092495C0;0x09244DB4;0x0924F304;0x0925A7BC;0x09246D5C;0x0924A754;0x0922F4F4;0x092502D8;0x092438CC
PDA,13,0,NO_STATIC_FLAG:13,LEVEL_01.PRX;LEVEL_02_clean.PRX;LEVEL_03.PRX;LEVEL_04.PRX;LEVEL_05.PRX;LEVEL_06.PRX;LEVEL_07.PRX;LEVEL_08.PRX;LEVEL_09.PRX;LEVEL_10.PRX;LEVEL_22.PRX;LEVEL_23.PRX;LEVEL_24.PRX,0x09298080;0x092AD168;0x092AB190;0x092A0BCC;0x09294064;0x09290780;0x092A80E0;0x092C462C;0x0928E40C;0x0929F65C;0x0923CB2C;0x0927D064;0x0927B5F8
ShrinkRayRatchet,13,0,NO_STATIC_FLAG:13,LEVEL_01.PRX;LEVEL_02_clean.PRX;LEVEL_03.PRX;LEVEL_04.PRX;LEVEL_05.PRX;LEVEL_06.PRX;LEVEL_07.PRX;LEVEL_08.PRX;LEVEL_09.PRX;LEVEL_10.PRX;LEVEL_22.PRX;LEVEL_23.PRX;LEVEL_24.PRX,0x092AC9FC;0x092CBC44;0x092BF330;0x092B5274;0x092A7830;0x092A45B0;0x092C180C;0x092D931C;0x092A2AA4;0x092B9E24;0x09241BC0;0x0928F6D8;0x0928B74C
Sproutomatic,13,0,NO_STATIC_FLAG:13,LEVEL_01.PRX;LEVEL_02_clean.PRX;LEVEL_03.PRX;LEVEL_04.PRX;LEVEL_05.PRX;LEVEL_06.PRX;LEVEL_07.PRX;LEVEL_08.PRX;LEVEL_09.PRX;LEVEL_10.PRX;LEVEL_22.PRX;LEVEL_23.PRX;LEVEL_24.PRX,0x092AF23C;0x092D01D4;0x092C4B74;0x092B8098;0x092ABE3C;0x092A66A8;0x092C5DD8;0x092DE734;0x092A5664;0x092BC364;0x092463C0;0x0929551C;0x0928CE78
SuckCannon,13,0,NO_STATIC_FLAG:13,LEVEL_01.PRX;LEVEL_02_clean.PRX;LEVEL_03.PRX;LEVEL_04.PRX;LEVEL_05.PRX;LEVEL_06.PRX;LEVEL_07.PRX;LEVEL_08.PRX;LEVEL_09.PRX;LEVEL_10.PRX;LEVEL_19.PRX;LEVEL_23.PRX;LEVEL_24.PRX,0x092AFFA8;0x092D3520;0x092C58E0;0x092B8E04;0x092AD55C;0x092A7414;0x092C6B88;0x092DF4E4;0x092A63D0;0x092BD0D0;0x092915C0;0x09296288;0x0928DBE4
SuckCannonCometTie,13,0,NO_STATIC_FLAG:13,LEVEL_01.PRX;LEVEL_02_clean.PRX;LEVEL_03.PRX;LEVEL_04.PRX;LEVEL_05.PRX;LEVEL_06.PRX;LEVEL_07.PRX;LEVEL_08.PRX;LEVEL_09.PRX;LEVEL_10.PRX;LEVEL_19.PRX;LEVEL_23.PRX;LEVEL_24.PRX,0x092B0918;0x092D3E90;0x092C6250;0x092B9774;0x092ADECC;0x092A7D84;0x092C74F8;0x092DFE54;0x092A6D40;0x092BDA40;0x09291F84;0x09296BF8;0x0928E554
AgentController,12,0,NO_STATIC_FLAG:12,LEVEL_01.PRX;LEVEL_02_clean.PRX;LEVEL_03.PRX;LEVEL_04.PRX;LEVEL_05.PRX;LEVEL_06.PRX;LEVEL_07.PRX;LEVEL_08.PRX;LEVEL_09.PRX;LEVEL_10.PRX;LEVEL_23.PRX;LEVEL_24.PRX,0x09242ED0;0x09248840;0x09241790;0x0924A600;0x0923F398;0x0923AB4C;0x0924509C;0x0924F4A4;0x0923CAF4;0x09241064;0x09236B3C;0x09239360
AgentOfDoomShrapnel,12,0,NO_STATIC_FLAG:12,LEVEL_01.PRX;LEVEL_02_clean.PRX;LEVEL_03.PRX;LEVEL_04.PRX;LEVEL_05.PRX;LEVEL_06.PRX;LEVEL_07.PRX;LEVEL_08.PRX;LEVEL_09.PRX;LEVEL_10.PRX;LEVEL_23.PRX;LEVEL_24.PRX,0x09248104;0x0924DA74;0x09246A8C;0x0924F834;0x092445CC;0x0923FE48;0x0924A398;0x092547A0;0x09241DF0;0x09246360;0x0923BD70;0x0923E65C
AgentsBomb,12,0,NO_STATIC_FLAG:12,LEVEL_01.PRX;LEVEL_02_clean.PRX;LEVEL_03.PRX;LEVEL_04.PRX;LEVEL_05.PRX;LEVEL_06.PRX;LEVEL_07.PRX;LEVEL_08.PRX;LEVEL_09.PRX;LEVEL_10.PRX;LEVEL_23.PRX;LEVEL_24.PRX,0x09248414;0x0924DD84;0x09246D9C;0x0924FB44;0x092448DC;0x09240158;0x0924A6A8;0x09254AB0;0x09242100;0x09246670;0x0923C080;0x0923E96C
RatchetDecoyOuter,12,0,NO_STATIC_FLAG:12,LEVEL_01.PRX;LEVEL_02_clean.PRX;LEVEL_03.PRX;LEVEL_04.PRX;LEVEL_05.PRX;LEVEL_06.PRX;LEVEL_07.PRX;LEVEL_08.PRX;LEVEL_09.PRX;LEVEL_10.PRX;LEVEL_23.PRX;LEVEL_24.PRX,0x0929EE84;0x092BA0D8;0x092B2B58;0x092A77A0;0x0929D514;0x092977A0;0x092B01D0;0x092CB464;0x09296E98;0x092ABB1C;0x092833DC;0x0927F4C0
ShieldChargerBolt,12,0,NO_STATIC_FLAG:12,LEVEL_01.PRX;LEVEL_02_clean.PRX;LEVEL_03.PRX;LEVEL_04.PRX;LEVEL_05.PRX;LEVEL_06.PRX;LEVEL_07.PRX;LEVEL_08.PRX;LEVEL_09.PRX;LEVEL_10.PRX;LEVEL_23.PRX;LEVEL_24.PRX,0x092A8F28;0x092C7D7C;0x092BB72C;0x092B13AC;0x092A3D94;0x092A0B14;0x092BAE88;0x092D5454;0x0929C86C;0x092B5DDC;0x0928BC3C;0x09287CB0
ClankPack,10,0,NO_STATIC_FLAG:10,LEVEL_01.PRX;LEVEL_02_clean.PRX;LEVEL_03.PRX;LEVEL_04.PRX;LEVEL_06.PRX;LEVEL_07.PRX;LEVEL_08.PRX;LEVEL_10.PRX;LEVEL_23.PRX;LEVEL_24.PRX,0x0925D0D4;0x09274888;0x0925BBA8;0x09265FC8;0x09254B1C;0x0925F3F0;0x0926CDBC;0x0925B750;0x0925AC94;0x092529BC
GenericTieForm,10,0,NO_STATIC_FLAG:10,LEVEL_02_clean.PRX;LEVEL_04.PRX;LEVEL_05.PRX;LEVEL_06.PRX;LEVEL_07.PRX;LEVEL_08.PRX;LEVEL_09.PRX;LEVEL_10.PRX;LEVEL_18.PRX;LEVEL_24.PRX,0x09290144;0x092836B8;0x09270420;0x092694E0;0x092825BC;0x0928F984;0x0926C994;0x09274F4C;0x09271B60;0x0925F998
Helipack,10,0,NO_STATIC_FLAG:10,LEVEL_01.PRX;LEVEL_02_clean.PRX;LEVEL_03.PRX;LEVEL_04.PRX;LEVEL_06.PRX;LEVEL_07.PRX;LEVEL_08.PRX;LEVEL_10.PRX;LEVEL_23.PRX;LEVEL_24.PRX,0x0927D550;0x09291F3C;0x0927EDF0;0x09285AA4;0x09272A20;0x0928892C;0x0929B98C;0x0927EA98;0x0926C86C;0x092655C8
RatchetShip,8,0,NO_STATIC_FLAG:8,LEVEL_01.PRX;LEVEL_02_clean.PRX;LEVEL_03.PRX;LEVEL_04.PRX;LEVEL_07.PRX;LEVEL_08.PRX;LEVEL_23.PRX;LEVEL_24.PRX,0x0929F0F4;0x092BA348;0x092B2DC8;0x092A7A10;0x092B0440;0x092CB6D4;0x0928364C;0x0927F730
ClankBotShrapnel,4,0,NO_STATIC_FLAG:4,LEVEL_02_clean.PRX;LEVEL_04.PRX;LEVEL_08.PRX;LEVEL_24.PRX,0x09274530;0x09264E6C;0x0926BC60;0x092523DC
CrownDM,4,0,NO_STATIC_FLAG:4,LEVEL_16.PRX;LEVEL_17.PRX;LEVEL_18.PRX;LEVEL_19.PRX,0x09263850;0x09261744;0x092625C4;0x09262E04
HeadShrapnel,4,0,NO_STATIC_FLAG:4,LEVEL_01.PRX;LEVEL_03.PRX;LEVEL_04.PRX;LEVEL_06.PRX,0x0927CF48;0x0927E7E8;0x0928549C;0x0926F12C
MPCrateController,4,0,NO_STATIC_FLAG:4,LEVEL_16.PRX;LEVEL_17.PRX;LEVEL_18.PRX;LEVEL_19.PRX,0x09277848;0x09276950;0x09282744;0x09279A78
ObjectiveBeam,4,0,NO_STATIC_FLAG:4,LEVEL_16.PRX;LEVEL_17.PRX;LEVEL_18.PRX;LEVEL_19.PRX,0x0927E910;0x0927AC24;0x09286A18;0x0927DD4C
PlayerTurretChunk,4,0,NO_STATIC_FLAG:4,LEVEL_16.PRX;LEVEL_17.PRX;LEVEL_18.PRX;LEVEL_19.PRX,0x09281BF8;0x0927DF0C;0x09289D00;0x09281034
RobotShrapnel,4,0,NO_STATIC_FLAG:4,LEVEL_06.PRX;LEVEL_10.PRX;LEVEL_16.PRX;LEVEL_18.PRX,0x0929792C;0x092AC028;0x0928F7E8;0x09295774
ShrapnelGeneric,4,0,NO_STATIC_FLAG:4,LEVEL_01.PRX;LEVEL_03.PRX;LEVEL_07.PRX;LEVEL_18.PRX,0x092AB648;0x092BDE4C;0x092C0328;0x092998EC
WeaponManagerMP,4,0,NO_STATIC_FLAG:4,LEVEL_16.PRX;LEVEL_17.PRX;LEVEL_18.PRX;LEVEL_19.PRX,0x092999F4;0x0928E0C8;0x0929CB9C;0x092953A8
WeaponPack,4,0,NO_STATIC_FLAG:4,LEVEL_16.PRX;LEVEL_17.PRX;LEVEL_18.PRX;LEVEL_19.PRX,0x0929AEF4;0x0928F5C8;0x0929E124;0x092969E8
BotFlingerArm,3,0,NO_STATIC_FLAG:3,LEVEL_02_clean.PRX;LEVEL_04.PRX;LEVEL_08.PRX,0x09264280;0x09262B90;0x092688DC
ModVendor,3,0,NO_STATIC_FLAG:3,LEVEL_03.PRX;LEVEL_07.PRX;LEVEL_10.PRX,0x0929A6B8;0x092A34C4;0x09292390
TorsoShrapnel,3,0,NO_STATIC_FLAG:3,LEVEL_01.PRX;LEVEL_03.PRX;LEVEL_04.PRX,0x092BD0B8;0x092D2FA8;0x092CBA94
DerbyTeleporterHealth,2,0,NO_STATIC_FLAG:2,LEVEL_04.PRX;LEVEL_08.PRX,0x0926F344;0x0927A038
DerbyTeleporterPowerup,2,0,NO_STATIC_FLAG:2,LEVEL_04.PRX;LEVEL_08.PRX,0x0926F88C;0x0927A580
EnemyHead,2,0,NO_STATIC_FLAG:2,LEVEL_04.PRX;LEVEL_08.PRX,0x0927957C;0x092845A8
LevelMP01Forcefield,2,0,NO_STATIC_FLAG:2,LEVEL_16.PRX;LEVEL_17.PRX,0x09274828;0x092729D8
LightningAttack,2,0,NO_STATIC_FLAG:2,LEVEL_04.PRX;LEVEL_08.PRX,0x09293348;0x092A8808
ObstacleBouncer,2,0,NO_STATIC_FLAG:2,LEVEL_04.PRX;LEVEL_08.PRX,0x0929F3F0;0x092C1AD8
ObstacleSpinningFloor,2,0,NO_STATIC_FLAG:2,LEVEL_04.PRX;LEVEL_08.PRX,0x0929FD10;0x092C2FAC
ObstacleWall,2,0,NO_STATIC_FLAG:2,LEVEL_04.PRX;LEVEL_08.PRX,0x092A0BB4;0x092C4614
VehicleMine,2,0,NO_STATIC_FLAG:2,LEVEL_04.PRX;LEVEL_08.PRX,0x092D0358;0x092F1E08
BlasterCloneShot,1,0,NO_STATIC_FLAG:1,LEVEL_10.PRX,0x0924F60C
BuryBlossomShot,1,0,NO_STATIC_FLAG:1,LEVEL_02_clean.PRX,0x09267B90
CrabShrapnel,1,0,NO_STATIC_FLAG:1,LEVEL_01.PRX,0x09261EC8
Drone01Light,1,0,NO_STATIC_FLAG:1,LEVEL_03.PRX,0x092664BC
Level02WallChunk,1,0,NO_STATIC_FLAG:1,LEVEL_02_clean.PRX,0x092A2CE4
Level04SecretDoor,1,0,NO_STATIC_FLAG:1,LEVEL_04.PRX,0x09292248
LunaCorpse,1,0,NO_STATIC_FLAG:1,LEVEL_08.PRX,0x092AF3C4
LunaLever,1,0,NO_STATIC_FLAG:1,LEVEL_08.PRX,0x092AF7B0
Lvl07Leaf,1,0,NO_STATIC_FLAG:1,LEVEL_07.PRX,0x09299900
Lvl3PlatformShrapnel,1,0,NO_STATIC_FLAG:1,LEVEL_03.PRX,0x092952C0
Lvl3StaticPlatform,1,0,NO_STATIC_FLAG:1,LEVEL_03.PRX,0x09297DD8
MiniTurretManager,1,0,NO_STATIC_FLAG:1,LEVEL_24.PRX,0x09274D24
ObstacleFlameJets,1,0,NO_STATIC_FLAG:1,LEVEL_08.PRX,0x092C1E1C
OttoRocket,1,0,NO_STATIC_FLAG:1,LEVEL_10.PRX,0x0929E29C
OttoRocketPack,1,0,NO_STATIC_FLAG:1,LEVEL_10.PRX,0x0929F528
PowerCell,1,0,NO_STATIC_FLAG:1,LEVEL_16.PRX,0x09284894
PsychicHands,1,0,NO_STATIC_FLAG:1,LEVEL_10.PRX,0x092A60D0
SpawnBuildingShrapnel,1,0,NO_STATIC_FLAG:1,LEVEL_17.PRX,0x0928AF24
StoneIdolShrapnel,1,0,NO_STATIC_FLAG:1,LEVEL_02_clean.PRX,0x092D2AB8
ThresherB,1,0,NO_STATIC_FLAG:1,LEVEL_08.PRX,0x092EA1EC
TrainingBotShrapnel,1,0,NO_STATIC_FLAG:1,LEVEL_01.PRX,0x092C040C
WrenchClone,1,0,NO_STATIC_FLAG:1,LEVEL_10.PRX,0x092C9548
