"Source","Copy","Bytes","SHA256"
"C:\Users\linki\Downloads\class_priority_summary.csv","C:\Users\linki\Documents\PPSSPP\Overcompensated-Reprise-2026-09-14\supplemental-files\class_priority_summary.csv","29437","5A54A6D69853F97471058645D3BFE8692823A3989B350F838D79508D0F58525C"
"C:\Users\linki\Downloads\known_weapon_patch_candidates.csv","C:\Users\linki\Documents\PPSSPP\Overcompensated-Reprise-2026-09-14\supplemental-files\known_weapon_patch_candidates.csv","30972","47AFD6F4D96BD00C93E9F6C07281ECB58B4AD9757BE513A978B41EBC0D1FAEB4"
"C:\Users\linki\Downloads\Pokitaru_donnees_armes_ennemis_UCES00420.xlsx","C:\Users\linki\Documents\PPSSPP\Overcompensated-Reprise-2026-09-14\supplemental-files\Pokitaru_donnees_armes_ennemis_UCES00420.xlsx","97906","864E7DBA387C1836F74CB09436396F67590C588B335EE8FDDDCBD072844BD0AE"
"C:\Users\linki\Downloads\UCES00420_Pokitaru_13_weapons_manual_TEST.ini","C:\Users\linki\Documents\PPSSPP\Overcompensated-Reprise-2026-09-14\supplemental-files\UCES00420_Pokitaru_13_weapons_manual_TEST.ini","15024","D8DB127D7FC661B8280D12514518A0E023363C1B94074053C913FDD46E746727"
"C:\Users\linki\Downloads\UCES00420_Pokitaru_V1_global-wrapper.ini","C:\Users\linki\Documents\PPSSPP\Overcompensated-Reprise-2026-09-14\supplemental-files\UCES00420_Pokitaru_V1_global-wrapper.ini","673","813AB849C7D9201CF05C0F4C0B44E1810F6EDEF3539B51026D91785C95468FFC"
"C:\Users\linki\Downloads\UCES00420_Pokitaru_V1.1_dispatcher_global-wrapper.ini","C:\Users\linki\Documents\PPSSPP\Overcompensated-Reprise-2026-09-14\supplemental-files\UCES00420_Pokitaru_V1.1_dispatcher_global-wrapper.ini","4100","1B08457300217F9A1EDCA31FF2AEF668494FB03109851E55D978374BFCA9E75D"
"C:\Users\linki\Downloads\UCES00420_Pokitaru_V1.2_dispatcher_local-jal_weapons_TEST.ini","C:\Users\linki\Documents\PPSSPP\Overcompensated-Reprise-2026-09-14\supplemental-files\UCES00420_Pokitaru_V1.2_dispatcher_local-jal_weapons_TEST.ini","10070","796F2AD4C718C55B607C1C7FDC4C90F5EDF8429912C58ECE4D3193D9A5336802"
"C:\Users\linki\Downloads\UCES00420_Pokitaru_V1.2_dispatcher_local-jal_weapons_TEST(1).ini","C:\Users\linki\Documents\PPSSPP\Overcompensated-Reprise-2026-09-14\supplemental-files\UCES00420_Pokitaru_V1.2_dispatcher_local-jal_weapons_TEST(1).ini","10070","796F2AD4C718C55B607C1C7FDC4C90F5EDF8429912C58ECE4D3193D9A5336802"
"C:\Users\linki\Downloads\UCES00420_Pokitaru_V1.2_dispatcher_local-jal_weapons_TEST(2).ini","C:\Users\linki\Documents\PPSSPP\Overcompensated-Reprise-2026-09-14\supplemental-files\UCES00420_Pokitaru_V1.2_dispatcher_local-jal_weapons_TEST(2).ini","10070","FAC52C97CAAA018DB215CBBF0F31EE0918047E1CE4E8478E24BD378E28BBA789"
