"FullName","Length","LastWriteTimeUtc"
"C:\Users\linki\Downloads\Ratchet & Clank - Size Matters (Europe) (PSN)\copy.iso","944957440","17/05/2026 12:00:01"
"C:\Users\linki\Downloads\Ratchet & Clank - Size Matters (Europe) (PSN)\RAM_new.dump","25165824","16/07/2026 21:00:32"
"C:\Users\linki\Downloads\Ratchet & Clank - Size Matters (Europe) (PSN)\RAM.dump","25165824","14/05/2026 10:48:13"
"C:\Users\linki\Downloads\Ratchet & Clank - Size Matters (Europe) (PSN)\RAM2.dump","25165824","20/07/2026 20:35:55"
"C:\Users\linki\Downloads\Ratchet & Clank - Size Matters (Europe) (PSN)\RAMKalidonVanillaWithPatchPRX.dump","25165824","29/08/2026 19:42:06"
"C:\Users\linki\Downloads\Ratchet & Clank - Size Matters (Europe) (PSN)\RAMPokitaru.dump","25165824","28/08/2026 19:25:58"
"C:\Users\linki\Downloads\Ratchet & Clank - Size Matters (Europe) (PSN)\Ratchet & Clank - Size Matters (Europe) (PSN).iso","993394688","17/05/2026 10:47:51"
"C:\Users\linki\Downloads\Ratchet & Clank - Size Matters (Europe) (PSN)\Data\ALLLEVELS.zip","51543398","17/08/2026 20:40:13"
"C:\Users\linki\Downloads\Ratchet & Clank - Size Matters (Europe) (PSN)\Data\BIN.zip","41651076","17/08/2026 20:38:50"
"C:\Users\linki\Downloads\Ratchet & Clank - Size Matters (Europe) (PSN)\Data\GLOBALWAD.zip","4706874","17/08/2026 20:38:28"
"C:\Users\linki\Downloads\Ratchet & Clank - Size Matters (Europe) (PSN)\Data\HUD.zip","2577220","17/08/2026 20:39:25"
"C:\Users\linki\Downloads\Ratchet & Clank - Size Matters (Europe) (PSN)\Data\LEVELS.zip","45546409","17/08/2026 20:38:07"
"C:\Users\linki\Downloads\Ratchet & Clank - Size Matters (Europe) (PSN)\Data\BACKUP\BIN\FRONTEND.PRX","2121369","17/03/2007 12:19:21"
"C:\Users\linki\Downloads\Ratchet & Clank - Size Matters (Europe) (PSN)\Data\BACKUP\BIN\LEVEL_01.PRX","3444725","17/03/2007 12:18:56"
"C:\Users\linki\Downloads\Ratchet & Clank - Size Matters (Europe) (PSN)\Data\BACKUP\BIN\LEVEL_02_clean.PRX","3567813","17/03/2007 12:20:05"
"C:\Users\linki\Downloads\Ratchet & Clank - Size Matters (Europe) (PSN)\Data\BACKUP\BIN\LEVEL_03.PRX","3552853","17/03/2007 12:20:45"
"C:\Users\linki\Downloads\Ratchet & Clank - Size Matters (Europe) (PSN)\Data\BACKUP\BIN\LEVEL_04.PRX","3538213","17/03/2007 12:22:20"
"C:\Users\linki\Downloads\Ratchet & Clank - Size Matters (Europe) (PSN)\Data\BACKUP\BIN\LEVEL_05.PRX","3340201","17/03/2007 12:23:42"
"C:\Users\linki\Downloads\Ratchet & Clank - Size Matters (Europe) (PSN)\Data\BACKUP\BIN\LEVEL_06.PRX","3356473","17/03/2007 12:24:09"
"C:\Users\linki\Downloads\Ratchet & Clank - Size Matters (Europe) (PSN)\Data\BACKUP\BIN\LEVEL_07.PRX","3519445","17/03/2007 12:25:00"
"C:\Users\linki\Downloads\Ratchet & Clank - Size Matters (Europe) (PSN)\Data\BACKUP\BIN\LEVEL_08.PRX","3782229","17/03/2007 12:26:06"
"C:\Users\linki\Downloads\Ratchet & Clank - Size Matters (Europe) (PSN)\Data\BACKUP\BIN\LEVEL_09.PRX","3327325","17/03/2007 12:26:42"
"C:\Users\linki\Downloads\Ratchet & Clank - Size Matters (Europe) (PSN)\Data\BACKUP\BIN\LEVEL_10.PRX","3482861","17/03/2007 12:27:20"
"C:\Users\linki\Downloads\Ratchet & Clank - Size Matters (Europe) (PSN)\Data\BACKUP\BIN\LEVEL_15.PRX","2680321","17/03/2007 12:23:08"
"C:\Users\linki\Downloads\Ratchet & Clank - Size Matters (Europe) (PSN)\Data\BACKUP\BIN\LEVEL_16.PRX","3354541","17/03/2007 12:12:10"
"C:\Users\linki\Downloads\Ratchet & Clank - Size Matters (Europe) (PSN)\Data\BACKUP\BIN\LEVEL_17.PRX","3290221","17/03/2007 12:12:31"
"C:\Users\linki\Downloads\Ratchet & Clank - Size Matters (Europe) (PSN)\Data\BACKUP\BIN\LEVEL_18.PRX","3367309","17/03/2007 12:12:56"
"C:\Users\linki\Downloads\Ratchet & Clank - Size Matters (Europe) (PSN)\Data\BACKUP\BIN\LEVEL_19.PRX","3337461","17/03/2007 12:13:58"
"C:\Users\linki\Downloads\Ratchet & Clank - Size Matters (Europe) (PSN)\Data\BACKUP\BIN\LEVEL_20.PRX","2681069","17/03/2007 12:10:48"
"C:\Users\linki\Downloads\Ratchet & Clank - Size Matters (Europe) (PSN)\Data\BACKUP\BIN\LEVEL_21.PRX","2680321","17/03/2007 12:25:16"
"C:\Users\linki\Downloads\Ratchet & Clank - Size Matters (Europe) (PSN)\Data\BACKUP\BIN\LEVEL_22.PRX","2695137","17/03/2007 12:21:09"
"C:\Users\linki\Downloads\Ratchet & Clank - Size Matters (Europe) (PSN)\Data\BACKUP\BIN\LEVEL_23.PRX","3196201","17/03/2007 12:24:28"
"C:\Users\linki\Downloads\Ratchet & Clank - Size Matters (Europe) (PSN)\Data\BACKUP\BIN\LEVEL_24.PRX","3181025","17/03/2007 12:27:42"
"C:\Users\linki\Downloads\Ratchet & Clank - Size Matters (Europe) (PSN)\Data\BACKUP\BIN\LEVELS.zip","39194702","18/07/2026 19:29:55"
"C:\Users\linki\Downloads\Ratchet & Clank - Size Matters (Europe) (PSN)\Data\BACKUP\BIN\straddle.junk","5582485","17/01/2007 00:44:21"
"C:\Users\linki\Downloads\Ratchet & Clank - Size Matters (Europe) (PSN)\Data\BACKUP\MODULES\HIGHIMPACT01.HIG","2","21/12/2006 05:31:33"
"C:\Users\linki\Downloads\Ratchet & Clank - Size Matters (Europe) (PSN)\Data\BACKUP\MODULES\RCPM.PRX","838801","17/03/2007 12:07:43"
"C:\Users\linki\Downloads\Ratchet & Clank - Size Matters (Europe) (PSN)\Data\BACKUP\MODULES\RTPSPNETAH.PRX","38884","16/03/2007 08:59:04"
"C:\Users\linki\Downloads\Ratchet & Clank - Size Matters (Europe) (PSN)\Data\BACKUP\MODULES\RTPSPNETIN.PRX","44356","16/03/2007 08:59:03"
"C:\Users\linki\Downloads\Ratchet & Clank - Size Matters (Europe) (PSN)\Data\BIN\FRONTEND.PRX","2121369","17/03/2007 12:19:21"
"C:\Users\linki\Downloads\Ratchet & Clank - Size Matters (Europe) (PSN)\Data\BIN\LEVEL_01.PRX","3444725","17/03/2007 12:18:56"
"C:\Users\linki\Downloads\Ratchet & Clank - Size Matters (Europe) (PSN)\Data\BIN\LEVEL_02.PRX","3567813","17/05/2026 10:40:13"
"C:\Users\linki\Downloads\Ratchet & Clank - Size Matters (Europe) (PSN)\Data\BIN\LEVEL_03.PRX","3552853","17/03/2007 12:20:45"
"C:\Users\linki\Downloads\Ratchet & Clank - Size Matters (Europe) (PSN)\Data\BIN\LEVEL_04.PRX","3538213","17/03/2007 12:22:20"
"C:\Users\linki\Downloads\Ratchet & Clank - Size Matters (Europe) (PSN)\Data\BIN\LEVEL_05.PRX","3340201","17/03/2007 12:23:42"
"C:\Users\linki\Downloads\Ratchet & Clank - Size Matters (Europe) (PSN)\Data\BIN\LEVEL_06.PRX","3356473","17/03/2007 12:24:09"
"C:\Users\linki\Downloads\Ratchet & Clank - Size Matters (Europe) (PSN)\Data\BIN\LEVEL_07.PRX","3519445","17/03/2007 12:25:00"
"C:\Users\linki\Downloads\Ratchet & Clank - Size Matters (Europe) (PSN)\Data\BIN\LEVEL_08.PRX","3782229","17/03/2007 12:26:06"
"C:\Users\linki\Downloads\Ratchet & Clank - Size Matters (Europe) (PSN)\Data\BIN\LEVEL_09.PRX","3327325","17/03/2007 12:26:42"
"C:\Users\linki\Downloads\Ratchet & Clank - Size Matters (Europe) (PSN)\Data\BIN\LEVEL_10.PRX","3482861","17/03/2007 12:27:20"
"C:\Users\linki\Downloads\Ratchet & Clank - Size Matters (Europe) (PSN)\Data\BIN\LEVEL_15.PRX","2680321","17/03/2007 12:23:08"
"C:\Users\linki\Downloads\Ratchet & Clank - Size Matters (Europe) (PSN)\Data\BIN\LEVEL_16.PRX","3354541","17/03/2007 12:12:10"
"C:\Users\linki\Downloads\Ratchet & Clank - Size Matters (Europe) (PSN)\Data\BIN\LEVEL_17.PRX","3290221","17/03/2007 12:12:31"
"C:\Users\linki\Downloads\Ratchet & Clank - Size Matters (Europe) (PSN)\Data\BIN\LEVEL_18.PRX","3367309","17/03/2007 12:12:56"
"C:\Users\linki\Downloads\Ratchet & Clank - Size Matters (Europe) (PSN)\Data\BIN\LEVEL_19.PRX","3337461","17/03/2007 12:13:58"
"C:\Users\linki\Downloads\Ratchet & Clank - Size Matters (Europe) (PSN)\Data\BIN\LEVEL_20.PRX","2681069","17/03/2007 12:10:48"
"C:\Users\linki\Downloads\Ratchet & Clank - Size Matters (Europe) (PSN)\Data\BIN\LEVEL_21.PRX","2680321","17/03/2007 12:25:16"
"C:\Users\linki\Downloads\Ratchet & Clank - Size Matters (Europe) (PSN)\Data\BIN\LEVEL_22.PRX","2695137","17/03/2007 12:21:09"
"C:\Users\linki\Downloads\Ratchet & Clank - Size Matters (Europe) (PSN)\Data\BIN\LEVEL_23.PRX","3196201","17/03/2007 12:24:28"
"C:\Users\linki\Downloads\Ratchet & Clank - Size Matters (Europe) (PSN)\Data\BIN\LEVEL_24.PRX","3181025","17/03/2007 12:27:42"
"C:\Users\linki\Downloads\Ratchet & Clank - Size Matters (Europe) (PSN)\Data\BIN\straddle.junk","5582485","17/01/2007 00:44:21"
"C:\Users\linki\Downloads\Ratchet & Clank - Size Matters (Europe) (PSN)\Data\GLOBALWAD\GLOBAL.WAD","3772556","17/03/2007 12:06:28"
"C:\Users\linki\Downloads\Ratchet & Clank - Size Matters (Europe) (PSN)\Data\GLOBALWAD\MULTIPLAYER.WAD","265811","12/01/2007 21:36:45"
"C:\Users\linki\Downloads\Ratchet & Clank - Size Matters (Europe) (PSN)\Data\GLOBALWAD\SINGLEPLAYER.WAD","1384653","12/01/2007 21:37:03"
"C:\Users\linki\Downloads\Ratchet & Clank - Size Matters (Europe) (PSN)\Data\HIGTREEHOUSE\DATA\HIGTREEHOUSE.MB.WAD","1882747","16/03/2007 03:17:49"
"C:\Users\linki\Downloads\Ratchet & Clank - Size Matters (Europe) (PSN)\Data\HUD\DATA\CHEATS.PAK","371600","04/01/2007 21:08:03"
"C:\Users\linki\Downloads\Ratchet & Clank - Size Matters (Europe) (PSN)\Data\HUD\DATA\CINEMATICS.PAK","1002784","22/12/2006 08:47:45"
"C:\Users\linki\Downloads\Ratchet & Clank - Size Matters (Europe) (PSN)\Data\HUD\DATA\CLANKCHALLENGE.PAK","749360","13/12/2006 08:30:17"
"C:\Users\linki\Downloads\Ratchet & Clank - Size Matters (Europe) (PSN)\Data\HUD\DATA\HELPCONTROLS.PAK","788272","28/02/2007 22:06:25"
"C:\Users\linki\Downloads\Ratchet & Clank - Size Matters (Europe) (PSN)\Data\HUD\DATA\HELPLOCALDAT_E.BIN","169036","15/03/2007 01:19:21"
"C:\Users\linki\Downloads\Ratchet & Clank - Size Matters (Europe) (PSN)\Data\HUD\DATA\HELPMOVES.PAK","279888","13/01/2007 03:58:26"
"C:\Users\linki\Downloads\Ratchet & Clank - Size Matters (Europe) (PSN)\Data\HUD\DATA\HSAVE0.PNG","23267","20/12/2006 05:17:01"
"C:\Users\linki\Downloads\Ratchet & Clank - Size Matters (Europe) (PSN)\Data\HUD\DATA\LOCALDAT_E.BIN","1450640","15/03/2007 01:19:10"
"C:\Users\linki\Downloads\Ratchet & Clank - Size Matters (Europe) (PSN)\Data\HUD\DATA\MAINHUD.W3D","114228","16/01/2007 13:00:59"
"C:\Users\linki\Downloads\Ratchet & Clank - Size Matters (Europe) (PSN)\Data\HUD\DATA\MISSIONS.PAK","418384","20/12/2006 05:17:01"
"C:\Users\linki\Downloads\Ratchet & Clank - Size Matters (Europe) (PSN)\Data\HUD\DATA\MODVENDOR.PAK","1136640","15/12/2006 09:59:35"
"C:\Users\linki\Downloads\Ratchet & Clank - Size Matters (Europe) (PSN)\Data\HUD\DATA\MPSAVE0.PNG","24322","22/12/2006 08:47:45"
"C:\Users\linki\Downloads\Ratchet & Clank - Size Matters (Europe) (PSN)\Data\HUD\DATA\RSAVE0.PNG","24554","20/12/2006 05:17:01"
"C:\Users\linki\Downloads\Ratchet & Clank - Size Matters (Europe) (PSN)\Data\HUD\DATA\SAVE0.PNG","21601","12/12/2006 22:13:32"
"C:\Users\linki\Downloads\Ratchet & Clank - Size Matters (Europe) (PSN)\Data\HUD\DATA\SKILLPOINTS.PAK","579440","20/12/2006 05:17:01"
"C:\Users\linki\Downloads\Ratchet & Clank - Size Matters (Europe) (PSN)\Data\LEVEL01\DATA\POKITARU.MB.WAD","4326230","16/03/2007 02:56:45"
"C:\Users\linki\Downloads\Ratchet & Clank - Size Matters (Europe) (PSN)\Data\LEVEL02\DATA\JUNGLERUINS.MB.WAD","4842602","16/03/2007 02:57:33"
"C:\Users\linki\Downloads\Ratchet & Clank - Size Matters (Europe) (PSN)\Data\LEVEL03\DATA\LEVEL03.MB.WAD","4491711","16/03/2007 02:58:15"
"C:\Users\linki\Downloads\Ratchet & Clank - Size Matters (Europe) (PSN)\Data\LEVEL03_AIRBOARD_RACE\DATA\LEVEL03_AIRBOARD_RACE.MB.WAD","1995510","16/03/2007 02:58:39"
"C:\Users\linki\Downloads\Ratchet & Clank - Size Matters (Europe) (PSN)\Data\LEVEL04\DATA\LEVEL04.MB.WAD","4132426","16/03/2007 02:59:10"
"C:\Users\linki\Downloads\Ratchet & Clank - Size Matters (Europe) (PSN)\Data\LEVEL04_GIANTCLANK\DATA\GCLANK_ART.MB.WAD","1918787","16/03/2007 02:59:33"
"C:\Users\linki\Downloads\Ratchet & Clank - Size Matters (Europe) (PSN)\Data\LEVEL05\DATA\LEVEL05.MB.WAD","3706435","16/03/2007 03:00:04"
"C:\Users\linki\Downloads\Ratchet & Clank - Size Matters (Europe) (PSN)\Data\LEVEL06\DATA\LEVEL06.MB.WAD","3348921","16/03/2007 03:00:31"
"C:\Users\linki\Downloads\Ratchet & Clank - Size Matters (Europe) (PSN)\Data\LEVEL06_AIRBOARD_RACE\DATA\LEVEL06_AIRBOARD_RACE.MB.WAD","3561664","16/03/2007 03:00:55"
"C:\Users\linki\Downloads\Ratchet & Clank - Size Matters (Europe) (PSN)\Data\LEVEL07\DATA\LEVEL07.MB.WAD","3929836","16/03/2007 03:05:18"
"C:\Users\linki\Downloads\Ratchet & Clank - Size Matters (Europe) (PSN)\Data\LEVEL07_GIANTCLANK\DATA\GCLANK_7_ART.MB.WAD","2240124","16/03/2007 03:05:32"
"C:\Users\linki\Downloads\Ratchet & Clank - Size Matters (Europe) (PSN)\Data\LEVEL08\DATA\DAYNIMOON01.MB.WAD","4643984","16/03/2007 03:08:12"
"C:\Users\linki\Downloads\Ratchet & Clank - Size Matters (Europe) (PSN)\Data\LEVEL09\DATA\LEVEL09.MB.WAD","3379862","16/03/2007 03:12:31"
"C:\Users\linki\Downloads\Ratchet & Clank - Size Matters (Europe) (PSN)\Data\LEVEL10\DATA\LEVEL10.MB.WAD","4313824","16/03/2007 03:16:25"
"C:\Users\linki\Downloads\Ratchet & Clank - Size Matters (Europe) (PSN)\Data\LEVELMP01\DATA\LEVELMP01.MB.WAD","1706078","16/03/2007 03:16:47"
"C:\Users\linki\Downloads\Ratchet & Clank - Size Matters (Europe) (PSN)\Data\LEVELMP02\DATA\LEVELMP02.MB.WAD","1358872","16/03/2007 03:17:00"
"C:\Users\linki\Downloads\Ratchet & Clank - Size Matters (Europe) (PSN)\Data\LEVELMP03\DATA\LEVELMP03.MB.WAD","2023332","16/03/2007 03:17:17"
"C:\Users\linki\Downloads\Ratchet & Clank - Size Matters (Europe) (PSN)\Data\LEVELMP04\DATA\LEVELMP04.MB.WAD","1766905","16/03/2007 03:17:31"
"C:\Users\linki\Downloads\Ratchet & Clank - Size Matters (Europe) (PSN)\Data\LOBBY\DATA\TEMPLATE.MB.WAD","76233","17/03/2007 12:06:28"
"C:\Users\linki\Downloads\Ratchet & Clank - Size Matters (Europe) (PSN)\Data\MODULES\HIGHIMPACT01.HIG","2","21/12/2006 05:31:33"
"C:\Users\linki\Downloads\Ratchet & Clank - Size Matters (Europe) (PSN)\Data\MODULES\RCPM.PRX","838801","17/03/2007 12:07:43"
"C:\Users\linki\Downloads\Ratchet & Clank - Size Matters (Europe) (PSN)\Data\MODULES\RTPSPNETAH.PRX","38884","16/03/2007 08:59:04"
"C:\Users\linki\Downloads\Ratchet & Clank - Size Matters (Europe) (PSN)\Data\MODULES\RTPSPNETIN.PRX","44356","16/03/2007 08:59:03"
"C:\Users\linki\Downloads\Ratchet & Clank - Size Matters (Europe) (PSN)\Data\RATCHETSPMASTER\RATCHETSPMASTER.MB.PSP.GDE","142864","09/03/2007 03:06:19"
