"Path","Bytes","SHA256"
"C:\Users\linki\Documents\PPSSPP\Overcompensated-Reprise-2026-09-14\snapshot-original\controls.ini","798","C205E25AC3528653B7232BE0FFBB09231E484A0746F111131494EA0ECB24045D"
"C:\Users\linki\Documents\PPSSPP\Overcompensated-Reprise-2026-09-14\snapshot-original\ppsspp.ini","15573","2C1E4BE20AC6521969B7B10CA412C48AE54B517DFD7A2C4402170EA4F63A780B"
"C:\Users\linki\Documents\PPSSPP\Overcompensated-Reprise-2026-09-14\snapshot-original\Cheats\UCES00420.ini","881","42AEEDE37D6B2B5D98BE8A757E6F009A5B5645173353DB87E57571AB9B7AA8E0"
"C:\Users\linki\Documents\PPSSPP\Overcompensated-Reprise-2026-09-14\snapshot-original\PLUGINS\SizeMattersWrapperProfiler\patch.prx","37854","BD571B4F3FD230CF4BAEA92DCBE693E9C71DA95BFD733F6DF6796DE023A77AF7"
"C:\Users\linki\Documents\PPSSPP\Overcompensated-Reprise-2026-09-14\snapshot-original\PLUGINS\SizeMattersWrapperProfiler\plugin.ini","80","691FECF3E95B9DD14C268BEFCF1FD7B565E564F108C7BDA91CB9727B8511BEE6"
"C:\Users\linki\Documents\PPSSPP\Overcompensated-Reprise-2026-09-14\snapshot-original\PLUGINS\SizeMattersWrapperProfiler\RCSMProfiler.ini","248","F5BC0EE01485758945FE1837CA06A234A9F51D31BF48BDFC6373D5FB2DAAD025"
"C:\Users\linki\Documents\PPSSPP\Overcompensated-Reprise-2026-09-14\snapshot-original\PLUGINS\SizeMattersWrapperProfiler\status.log","8442","99BCF2743C85D05F705E53F56B8FF95C274523FD4DB34A7E0D444F9C516FFE81"
"C:\Users\linki\Documents\PPSSPP\Overcompensated-Reprise-2026-09-14\snapshot-original\PLUGINS\SizeMattersWrapperProfiler\trace_L01_0001.json","15749","EC4A7F284AA4631F3781635E5734DB4572E89DABC4C1D6BF155CF999571085FA"
"C:\Users\linki\Documents\PPSSPP\Overcompensated-Reprise-2026-09-14\snapshot-original\PLUGINS\SizeMattersWrapperProfiler\trace_L03_0001.json","9704","89114D6F78FF4A876CDA5ED58186810E81265992F501F2294D0C6E67E5C6944E"
"C:\Users\linki\Documents\PPSSPP\Overcompensated-Reprise-2026-09-14\snapshot-original\PLUGINS\SizeMattersWrapperProfiler\trace_L03_0003.json","9699","9FCC5C4B13EF7198A565EA4DBDF4371BDDDD57C71E403F8D041728528E0D3F93"
"C:\Users\linki\Documents\PPSSPP\Overcompensated-Reprise-2026-09-14\snapshot-original\PLUGINS\SizeMattersWrapperProfiler\trace_L03_0004.json","9797","6AF92EBDFC4F3D2AB49C569054A54AC2244F08EADB10CBD424868AD560358082"
"C:\Users\linki\Documents\PPSSPP\Overcompensated-Reprise-2026-09-14\snapshot-original\PLUGINS\SizeMattersWrapperProfiler\trace_L03_0005.json","9808","1E6BAA4EEE0F796571257AA8A53E1CF1EB96589A32AC4E071FE607E1B1BC1F51"
"C:\Users\linki\Documents\PPSSPP\Overcompensated-Reprise-2026-09-14\snapshot-original\PLUGINS\SizeMattersWrapperProfiler\trace_L04_0002.json","10506","91A89630F4DAAD1EE2381769C14A09F0C7C96BF8B45567CB5CA35B5EA68C2F9C"
"C:\Users\linki\Documents\PPSSPP\Overcompensated-Reprise-2026-09-14\snapshot-original\PLUGINS\SizeMattersWrapperProfiler\trace_L22_0002.json","3606","340A47F1A0EFDC55897C192DB80BF1038EC16EC2F9439ABCBF2233F6DDFF98BD"
"C:\Users\linki\Documents\PPSSPP\Overcompensated-Reprise-2026-09-14\snapshot-original\PPSSPP_STATE\load_undo.ppst","12150717","CEB07E3942F68AE5C4EEEFD25200458266ACE971978781C8D42B53772D570201"
"C:\Users\linki\Documents\PPSSPP\Overcompensated-Reprise-2026-09-14\snapshot-original\PPSSPP_STATE\UCES00420_1.00_0.jpg","93936","29F3AB79EA9109F29DB62FF77CEAD58BF9E37C46A9E464BD32E2D502079A2A92"
"C:\Users\linki\Documents\PPSSPP\Overcompensated-Reprise-2026-09-14\snapshot-original\PPSSPP_STATE\UCES00420_1.00_0.ppst","11900515","11E6B375A84DD220E32FCBBAF158C7630E277D5CB36A02E51B016307C4D585E8"
"C:\Users\linki\Documents\PPSSPP\Overcompensated-Reprise-2026-09-14\snapshot-original\PPSSPP_STATE\UCES00420_1.00_0.undo.jpg","93434","16A63ECF2F496DA1467D7DC2F810A683EAC0D647BFE4B2823BE256618F3C348F"
"C:\Users\linki\Documents\PPSSPP\Overcompensated-Reprise-2026-09-14\snapshot-original\PPSSPP_STATE\UCES00420_1.00_0.undo.ppst","11698754","96FB8F67A0774867E9128F255BD15D5754E145175E6F6F1A0F8D393957064D11"
"C:\Users\linki\Documents\PPSSPP\Overcompensated-Reprise-2026-09-14\snapshot-original\PPSSPP_STATE\UCES00420_1.00_1.jpg","119814","6334EAAC44A59F8AFD72616D275CFEBF20414A2444787F74ABF207A274C05BB3"
"C:\Users\linki\Documents\PPSSPP\Overcompensated-Reprise-2026-09-14\snapshot-original\PPSSPP_STATE\UCES00420_1.00_1.ppst","12024089","F5DEEC7799ACEED79471186CA83608CB875BFCD1263DFFE1DBCCAEFAFB6D532F"
"C:\Users\linki\Documents\PPSSPP\Overcompensated-Reprise-2026-09-14\snapshot-original\PPSSPP_STATE\UCES00420_1.00_1.undo.jpg","62641","C7CA36DF06D11B6AB73660A27220C2DEE963180E3F2A85F869510A624CBE1FF4"
"C:\Users\linki\Documents\PPSSPP\Overcompensated-Reprise-2026-09-14\snapshot-original\PPSSPP_STATE\UCES00420_1.00_1.undo.ppst","13972895","E0C3517D2F4F5AB62D2B45172CD03F8279ED07468DBC153DC4335B47CFA4913D"
"C:\Users\linki\Documents\PPSSPP\Overcompensated-Reprise-2026-09-14\snapshot-original\PPSSPP_STATE\UCES00420_1.00_2.jpg","96068","1063B5960A02249E8E3D1AC40FAAFB47BAED6A4FA8A4FCB9F0284C028FDAD206"
"C:\Users\linki\Documents\PPSSPP\Overcompensated-Reprise-2026-09-14\snapshot-original\PPSSPP_STATE\UCES00420_1.00_2.ppst","12063828","BD3C290893CE09E4AF45DDE081A724A245A441CB4D63F485129ECC2A05EE2F4D"
"C:\Users\linki\Documents\PPSSPP\Overcompensated-Reprise-2026-09-14\snapshot-original\PPSSPP_STATE\UCES00420_1.00_2.undo.jpg","83328","AC3A91015D60F332644BD878A780149BC6801433E75DF06DDD562CD89ADB1CFE"
"C:\Users\linki\Documents\PPSSPP\Overcompensated-Reprise-2026-09-14\snapshot-original\PPSSPP_STATE\UCES00420_1.00_2.undo.ppst","12041634","55BFEF27344E055E40ABDF04D9EBC20B8725532831F14B67ED849A300C0D72F6"
"C:\Users\linki\Documents\PPSSPP\Overcompensated-Reprise-2026-09-14\snapshot-original\PPSSPP_STATE\UCES00420_1.00_3.jpg","79541","9388354540B579745155F074FFA4A9981F17061A31A401B7C65DD196ABEAAAC5"
"C:\Users\linki\Documents\PPSSPP\Overcompensated-Reprise-2026-09-14\snapshot-original\PPSSPP_STATE\UCES00420_1.00_3.ppst","11736727","5D3E6AB029832B2F651A72304FC66DCBE6F69486D5B322AA49D501EEA5BDA25D"
"C:\Users\linki\Documents\PPSSPP\Overcompensated-Reprise-2026-09-14\snapshot-original\PPSSPP_STATE\UCES00420_1.00_3.undo.jpg","101805","A2DF927E875118339F8C1F37E058584B5F337C5BC057B0E63F7A5628475CBDC2"
"C:\Users\linki\Documents\PPSSPP\Overcompensated-Reprise-2026-09-14\snapshot-original\PPSSPP_STATE\UCES00420_1.00_3.undo.ppst","11911640","74FCC7BE5A5D92016BE1A0CAADF7902B0D46A127B9C32FA1DE2D08E38E165C63"
"C:\Users\linki\Documents\PPSSPP\Overcompensated-Reprise-2026-09-14\snapshot-original\PPSSPP_STATE\UCES00420_1.00_4.jpg","83442","673098CF8EC4A37CA3768F7CD48D51402B519EEBF04AA818E5DFE59054BFE1D3"
"C:\Users\linki\Documents\PPSSPP\Overcompensated-Reprise-2026-09-14\snapshot-original\PPSSPP_STATE\UCES00420_1.00_4.ppst","11990102","7CFA705C3927AFA5FB899F7A0E3A3EBCD8C32755C63C6529E87AB24FA80218D4"
"C:\Users\linki\Documents\PPSSPP\Overcompensated-Reprise-2026-09-14\snapshot-original\PPSSPP_STATE\UCES00420_1.00_4.undo.jpg","94828","348E096903B434C29986808A78C96E42736C5C90C93459EB6EE8E3386F760B84"
"C:\Users\linki\Documents\PPSSPP\Overcompensated-Reprise-2026-09-14\snapshot-original\PPSSPP_STATE\UCES00420_1.00_4.undo.ppst","11851644","9C44F297E5C31F50DA73212F2B6FCFEE65526706120C18FE9A6A41E41ECA567C"
"C:\Users\linki\Documents\PPSSPP\Overcompensated-Reprise-2026-09-14\snapshot-original\RACSM_Controls\LICENSE","1056","1126322E2CC8D165ADC4C792EEB195717DE2BCC7B39BE1CE77959D78E87EF685"
"C:\Users\linki\Documents\PPSSPP\Overcompensated-Reprise-2026-09-14\snapshot-original\RACSM_Controls\NOTES_TECHNIQUES_FR.md","4390","542CD0C3C57BE4426E248E1440E07973F13CB89FC8D500BFE4DB0A755884978A"
"C:\Users\linki\Documents\PPSSPP\Overcompensated-Reprise-2026-09-14\snapshot-original\RACSM_Controls\plugin.ini","89","59A2D7C24DAD370F10FC286A43727882B6B604E51AA0ED39504CAE8CD0E2FC48"
"C:\Users\linki\Documents\PPSSPP\Overcompensated-Reprise-2026-09-14\snapshot-original\RACSM_Controls\racsm_controls.ini","530","3F918CBD8A210B688F7EE0DD7D246D8B5F27977F57678701FEE1F4152F7E5A07"
"C:\Users\linki\Documents\PPSSPP\Overcompensated-Reprise-2026-09-14\snapshot-original\RACSM_Controls\racsm_controls.log","1372","5AF4EF1F6975227040E9C85AE9C5716F57580685595C106655B5B087DB03B660"
"C:\Users\linki\Documents\PPSSPP\Overcompensated-Reprise-2026-09-14\snapshot-original\RACSM_Controls\RACSM_Controls.prx","118026","90CE2958FF72042E740EF3BC016B2A76E247FD2253E08FEC00ABEF06AB9BA8BD"
"C:\Users\linki\Documents\PPSSPP\Overcompensated-Reprise-2026-09-14\snapshot-original\RACSM_Controls\README_FR.md","3874","E7B158F9114244B7608504F533073501934F96F7B55E3A765A78E9DBD94805BB"
"C:\Users\linki\Documents\PPSSPP\Overcompensated-Reprise-2026-09-14\snapshot-original\RACSM_Controls\source\exports.exp","174","CCF83385EA31A4AA18DA4E5E17B785D684D990147957CEF51E730327FD8CBEB5"
"C:\Users\linki\Documents\PPSSPP\Overcompensated-Reprise-2026-09-14\snapshot-original\RACSM_Controls\source\main.c","23127","3F3DFE6111B07C310F8ECD8DAB23EAF6C142AD0D8E686DCC0CAF62ED52EA694C"
"C:\Users\linki\Documents\PPSSPP\Overcompensated-Reprise-2026-09-14\snapshot-original\RACSM_Controls\source\Makefile","361","8D6C76EC68CDC89E73F06D90C9CF86F8E4AF18E99CF0FBFFC81C86EBB54FA154"
"C:\Users\linki\Documents\PPSSPP\Overcompensated-Reprise-2026-09-14\snapshot-original\SAVEDATA\UCES00420DATA0\ICON0.PNG","32768","E4C0880A32A5052D10F56ABB8B1BDC31B8F739491276D8092C499197D22588A9"
"C:\Users\linki\Documents\PPSSPP\Overcompensated-Reprise-2026-09-14\snapshot-original\SAVEDATA\UCES00420DATA0\PARAM.SFO","4912","AFF242BE200AB92FE78556E670126FE3EBB658BDDA246109547762ADF253CC04"
"C:\Users\linki\Documents\PPSSPP\Overcompensated-Reprise-2026-09-14\snapshot-original\SAVEDATA\UCES00420DATA0\SECURE.BIN","356144","BD7ABC29C357C68777CB13D1D8CD1FFDAB08C3E616A01ED02A14C9EAA5A7BA34"
"C:\Users\linki\Documents\PPSSPP\Overcompensated-Reprise-2026-09-14\snapshot-original\SAVEDATA\UCES00420DATA1\ICON0.PNG","32768","E4C0880A32A5052D10F56ABB8B1BDC31B8F739491276D8092C499197D22588A9"
"C:\Users\linki\Documents\PPSSPP\Overcompensated-Reprise-2026-09-14\snapshot-original\SAVEDATA\UCES00420DATA1\PARAM.SFO","4912","24A82D713C72CD5EAB952DD0306A25B1D8283950C07FDC78B5785C0FF5A04A3D"
"C:\Users\linki\Documents\PPSSPP\Overcompensated-Reprise-2026-09-14\snapshot-original\SAVEDATA\UCES00420DATA1\SECURE.BIN","356144","3D4185BF760F2BDBC64A2BF376F1383269A7FA1FCAA4C59DFE7688BEE4DE0A63"
"C:\Users\linki\Documents\PPSSPP\Overcompensated-Reprise-2026-09-14\snapshot-original\SAVEDATA\UCES00420DATA2\ICON0.PNG","32768","E4C0880A32A5052D10F56ABB8B1BDC31B8F739491276D8092C499197D22588A9"
"C:\Users\linki\Documents\PPSSPP\Overcompensated-Reprise-2026-09-14\snapshot-original\SAVEDATA\UCES00420DATA2\PARAM.SFO","4912","38A6EB8D84536AF01998C15235627A4D8C6AB606F08B2833A3176DA20AF5ED5B"
"C:\Users\linki\Documents\PPSSPP\Overcompensated-Reprise-2026-09-14\snapshot-original\SAVEDATA\UCES00420DATA2\SECURE.BIN","356144","179971964E358DF9093AAC6694595F54BB2FCF330DC26E10642F653A892BB8AA"
"C:\Users\linki\Documents\PPSSPP\Overcompensated-Reprise-2026-09-14\snapshot-original\SAVEDATA\UCES00420DATA3\ICON0.PNG","32768","E4C0880A32A5052D10F56ABB8B1BDC31B8F739491276D8092C499197D22588A9"
"C:\Users\linki\Documents\PPSSPP\Overcompensated-Reprise-2026-09-14\snapshot-original\SAVEDATA\UCES00420DATA3\PARAM.SFO","4912","3DD1F6E804658C5DF6E167D795EC94C9E861B46EE29DD8FAD18F655B6BED5488"
"C:\Users\linki\Documents\PPSSPP\Overcompensated-Reprise-2026-09-14\snapshot-original\SAVEDATA\UCES00420DATA3\SECURE.BIN","356144","5FB6A092847BE67173EDB5CB0D8BC81CE4E9B66A945362F813AABDE6759C5A9A"
"C:\Users\linki\Documents\PPSSPP\Overcompensated-Reprise-2026-09-14\snapshot-original\SAVEDATA\UCES00420DATA4\ICON0.PNG","32768","E4C0880A32A5052D10F56ABB8B1BDC31B8F739491276D8092C499197D22588A9"
"C:\Users\linki\Documents\PPSSPP\Overcompensated-Reprise-2026-09-14\snapshot-original\SAVEDATA\UCES00420DATA4\PARAM.SFO","4912","A7F2F75E4C63886BB7138F837F8C5EA7465C4D2C555B8B337ABB71B0167E9627"
"C:\Users\linki\Documents\PPSSPP\Overcompensated-Reprise-2026-09-14\snapshot-original\SAVEDATA\UCES00420DATA4\SECURE.BIN","356144","4BF1AF998B695893DF78D1BCB68C229231D572CDEF5BF9C7E057BA1888D96648"
