module,path,sha256,bytes,status
1,C:\Users\linki\Documents\PPSSPP\Overcompensated-Reprise-2026-09-14\development-v0.6.3-generalisation\prx-reference\LEVEL_01.PRX,d10a81d076fb44987a45314a020cda2f7e8b39f860b957911ca9365464676571,3444725,PASS
2,C:\Users\linki\Documents\PPSSPP\Overcompensated-Reprise-2026-09-14\development-v0.6.3-generalisation\prx-reference\LEVEL_02.PRX,0037689a926197969231795c4d6b05980e5e94558394617b21e8b8bcd79bc8aa,3567813,PASS
3,C:\Users\linki\Documents\PPSSPP\Overcompensated-Reprise-2026-09-14\development-v0.6.3-generalisation\prx-reference\LEVEL_03.PRX,4b6cf5e41ab9f3f30e182f15752a4d9d264904794ce568582fa78ad8177e8b94,3552853,PASS
4,C:\Users\linki\Documents\PPSSPP\Overcompensated-Reprise-2026-09-14\development-v0.6.3-generalisation\prx-reference\LEVEL_04.PRX,6896122ac19973e928303dc94c40fa309b5f06e5fef6ab14f624987035a4dc37,3538213,PASS
5,C:\Users\linki\Documents\PPSSPP\Overcompensated-Reprise-2026-09-14\development-v0.6.3-generalisation\prx-reference\LEVEL_05.PRX,af7474d3af87dd392717d45b2be30a3512ab5f6df3f449e1ac15ce9971a75bbb,3340201,PASS
6,C:\Users\linki\Documents\PPSSPP\Overcompensated-Reprise-2026-09-14\development-v0.6.3-generalisation\prx-reference\LEVEL_06.PRX,c7953cd34e82fbea8fca4125cd5f30581fa8450b858e454f83968b2cd0fec39c,3356473,PASS
7,C:\Users\linki\Documents\PPSSPP\Overcompensated-Reprise-2026-09-14\development-v0.6.3-generalisation\prx-reference\LEVEL_07.PRX,40e236a82cce9be46044a06945dcd0e7aab754e91d1eb7bb75b8040101dc233d,3519445,PASS
8,C:\Users\linki\Documents\PPSSPP\Overcompensated-Reprise-2026-09-14\development-v0.6.3-generalisation\prx-reference\LEVEL_08.PRX,c6906ca8805ec805063036429ecc86ce316efdd386641e87fc8c92dd90dad8a8,3782229,PASS
9,C:\Users\linki\Documents\PPSSPP\Overcompensated-Reprise-2026-09-14\development-v0.6.3-generalisation\prx-reference\LEVEL_09.PRX,5674dd1a09d43d0a35578a1252ce46035d6f64a139dc2660bb25a941f78e6370,3327325,PASS
10,C:\Users\linki\Documents\PPSSPP\Overcompensated-Reprise-2026-09-14\development-v0.6.3-generalisation\prx-reference\LEVEL_10.PRX,07f9010f78cf6f49f8fdad0dbf89ce20375dff600183117605c3ebf231583772,3482861,PASS
15,C:\Users\linki\Documents\PPSSPP\Overcompensated-Reprise-2026-09-14\development-v0.6.3-generalisation\prx-reference\LEVEL_15.PRX,cebd5b53f4a7f0b42cc7aec7f7e2e13749089a3dd630a3af1fcccaf81748e70a,2680321,PASS
21,C:\Users\linki\Documents\PPSSPP\Overcompensated-Reprise-2026-09-14\development-v0.6.3-generalisation\prx-reference\LEVEL_21.PRX,0e7a7f7d70a70e51081b0471e257f50d3a86f987a5eae546b2a178d2190dd706,2680321,PASS
22,C:\Users\linki\Documents\PPSSPP\Overcompensated-Reprise-2026-09-14\development-v0.6.3-generalisation\prx-reference\LEVEL_22.PRX,be7ef86357ee668bb1c194226e4cd2e55920a4f7f375952ffb494c0de5a78986,2695137,PASS
23,C:\Users\linki\Documents\PPSSPP\Overcompensated-Reprise-2026-09-14\development-v0.6.3-generalisation\prx-reference\LEVEL_23.PRX,7c8a790eccf722cfd8e5a6e066d17300cf84c1f4068535a6575542229c0f7561,3196201,PASS
24,C:\Users\linki\Documents\PPSSPP\Overcompensated-Reprise-2026-09-14\development-v0.6.3-generalisation\prx-reference\LEVEL_24.PRX,a4e3f6496b3d2d238767fbb72b9db274dc5179dbe4d6f71eea2ce1fee22480bf,3181025,PASS
