module,level,family,rva,file_offset,file_word,runtime_formula,reference_address_NOT_live,binary_check,owner_rva,default_policy
1,Pokitaru,WF-005,0x0000E528,0x0000E59C,0x0C0038D7,base + RVA; JAL requires R_MIPS_26 relocation,0x09148228,PASS,0x0000E4F4,VANILLA
1,Pokitaru,WF-005,0x0000E544,0x0000E5B8,0x0C0038D7,base + RVA; JAL requires R_MIPS_26 relocation,0x09148244,PASS,0x0000E4F4,VANILLA
1,Pokitaru,WF-005,0x0000E560,0x0000E5D4,0x0C0038D7,base + RVA; JAL requires R_MIPS_26 relocation,0x09148260,PASS,0x0000E4F4,VANILLA
1,Pokitaru,WF-013,0x0000E7A4,0x0000E818,0x0C0038D7,base + RVA; JAL requires R_MIPS_26 relocation,0x091484A4,PASS,0x0000E768,VANILLA
1,Pokitaru,WF-013,0x0000E7C8,0x0000E83C,0x0C0038D7,base + RVA; JAL requires R_MIPS_26 relocation,0x091484C8,PASS,0x0000E768,VANILLA
1,Pokitaru,WF-015,0x00010DE0,0x00010E54,0x0C0038D7,base + RVA; JAL requires R_MIPS_26 relocation,0x0914AAE0,PASS,0x00010B44,VANILLA
1,Pokitaru,WF-014,0x00028F88,0x00028FFC,0x0C0038D7,base + RVA; JAL requires R_MIPS_26 relocation,0x09162C88,PASS,0x00028E9C,VANILLA
1,Pokitaru,WF-014,0x00028FAC,0x00029020,0x0C0038D7,base + RVA; JAL requires R_MIPS_26 relocation,0x09162CAC,PASS,0x00028E9C,VANILLA
1,Pokitaru,WF-014,0x00028FD0,0x00029044,0x0C0038D7,base + RVA; JAL requires R_MIPS_26 relocation,0x09162CD0,PASS,0x00028E9C,VANILLA
1,Pokitaru,WF-021,0x000295F0,0x00029664,0x0C0038D7,base + RVA; JAL requires R_MIPS_26 relocation,0x091632F0,PASS,0x000295B4,VANILLA
1,Pokitaru,WF-017,0x0002BF20,0x0002BF94,0x0C0038D7,base + RVA; JAL requires R_MIPS_26 relocation,0x09165C20,PASS,0x0002BE30,VANILLA
1,Pokitaru,WF-017,0x0002BF44,0x0002BFB8,0x0C0038D7,base + RVA; JAL requires R_MIPS_26 relocation,0x09165C44,PASS,0x0002BE30,VANILLA
1,Pokitaru,WF-017,0x0002BF68,0x0002BFDC,0x0C0038D7,base + RVA; JAL requires R_MIPS_26 relocation,0x09165C68,PASS,0x0002BE30,VANILLA
1,Pokitaru,WF-002,0x0004A3B8,0x0004A42C,0x0C0038D7,base + RVA; JAL requires R_MIPS_26 relocation,0x091840B8,PASS,0x0004A158,VANILLA
1,Pokitaru,WF-001,0x0004AA94,0x0004AB08,0x0C0038D7,base + RVA; JAL requires R_MIPS_26 relocation,0x09184794,PASS,0x0004A4F0,VANILLA
1,Pokitaru,WF-001,0x0004AAC8,0x0004AB3C,0x0C0038D7,base + RVA; JAL requires R_MIPS_26 relocation,0x091847C8,PASS,0x0004A4F0,VANILLA
1,Pokitaru,WF-001,0x0004AC44,0x0004ACB8,0x0C0038D7,base + RVA; JAL requires R_MIPS_26 relocation,0x09184944,PASS,0x0004A4F0,VANILLA
1,Pokitaru,WF-003,0x0004E8E4,0x0004E958,0x0C0038D7,base + RVA; JAL requires R_MIPS_26 relocation,0x091885E4,PASS,0x0004E008,VANILLA
1,Pokitaru,WF-004,0x000563A8,0x0005641C,0x0C0038D7,base + RVA; JAL requires R_MIPS_26 relocation,0x091900A8,PASS,0x00056348,VANILLA
1,Pokitaru,WF-008,0x0010B01C,0x0010B090,0x0C0038D7,base + RVA; JAL requires R_MIPS_26 relocation,0x09244D1C,PASS,0x0010AFB4,VANILLA
1,Pokitaru,WF-008,0x0010B03C,0x0010B0B0,0x0C0038D7,base + RVA; JAL requires R_MIPS_26 relocation,0x09244D3C,PASS,0x0010AFB4,VANILLA
1,Pokitaru,WF-009,0x0010B29C,0x0010B310,0x0C0038D7,base + RVA; JAL requires R_MIPS_26 relocation,0x09244F9C,PASS,0x0010B1D0,VANILLA
1,Pokitaru,WF-009,0x0010B2BC,0x0010B330,0x0C0038D7,base + RVA; JAL requires R_MIPS_26 relocation,0x09244FBC,PASS,0x0010B1D0,VANILLA
1,Pokitaru,WF-007,0x0010B4EC,0x0010B560,0x0C0038D7,base + RVA; JAL requires R_MIPS_26 relocation,0x092451EC,PASS,0x0010B498,VANILLA
1,Pokitaru,WF-007,0x0010B56C,0x0010B5E0,0x0C0038D7,base + RVA; JAL requires R_MIPS_26 relocation,0x0924526C,PASS,0x0010B498,VANILLA
1,Pokitaru,WF-007,0x0010B594,0x0010B608,0x0C0038D7,base + RVA; JAL requires R_MIPS_26 relocation,0x09245294,PASS,0x0010B498,VANILLA
1,Pokitaru,WF-010,0x0010DF78,0x0010DFEC,0x0C0038D7,base + RVA; JAL requires R_MIPS_26 relocation,0x09247C78,PASS,0x0010DE64,VANILLA
1,Pokitaru,WF-010,0x0010E038,0x0010E0AC,0x0C0038D7,base + RVA; JAL requires R_MIPS_26 relocation,0x09247D38,PASS,0x0010DE64,VANILLA
1,Pokitaru,WF-051,0x00122B44,0x00122BB8,0x0C0038D7,base + RVA; JAL requires R_MIPS_26 relocation,0x0925C844,PASS,0x00122820,VANILLA
1,Pokitaru,WF-031,0x00128D34,0x00128DA8,0x0C0038D7,base + RVA; JAL requires R_MIPS_26 relocation,0x09262A34,PASS,0x00128C20,VANILLA
1,Pokitaru,WF-047,0x0012E994,0x0012EA08,0x0C0038D7,base + RVA; JAL requires R_MIPS_26 relocation,0x09268694,PASS,0x0012E950,VANILLA
1,Pokitaru,WF-033,0x0012EA64,0x0012EAD8,0x0C0038D7,base + RVA; JAL requires R_MIPS_26 relocation,0x09268764,PASS,0x0012E9F4,VANILLA
1,Pokitaru,WF-033,0x0012EA80,0x0012EAF4,0x0C0038D7,base + RVA; JAL requires R_MIPS_26 relocation,0x09268780,PASS,0x0012E9F4,VANILLA
1,Pokitaru,WF-033,0x0012EA9C,0x0012EB10,0x0C0038D7,base + RVA; JAL requires R_MIPS_26 relocation,0x0926879C,PASS,0x0012E9F4,VANILLA
1,Pokitaru,WF-033,0x0012EC0C,0x0012EC80,0x0C0038D7,base + RVA; JAL requires R_MIPS_26 relocation,0x0926890C,PASS,0x0012E9F4,VANILLA
1,Pokitaru,WF-033,0x0012EC30,0x0012ECA4,0x0C0038D7,base + RVA; JAL requires R_MIPS_26 relocation,0x09268930,PASS,0x0012E9F4,VANILLA
1,Pokitaru,WF-033,0x0012EC4C,0x0012ECC0,0x0C0038D7,base + RVA; JAL requires R_MIPS_26 relocation,0x0926894C,PASS,0x0012E9F4,VANILLA
1,Pokitaru,WF-016,0x001442FC,0x00144370,0x0C0038D7,base + RVA; JAL requires R_MIPS_26 relocation,0x0927DFFC,PASS,0x00143FEC,VANILLA
1,Pokitaru,WF-016,0x001445A0,0x00144614,0x0C0038D7,base + RVA; JAL requires R_MIPS_26 relocation,0x0927E2A0,PASS,0x00143FEC,VANILLA
1,Pokitaru,WF-036,0x0014EF28,0x0014EF9C,0x0C0038D7,base + RVA; JAL requires R_MIPS_26 relocation,0x09288C28,PASS,0x0014EB68,VANILLA
1,Pokitaru,WF-036,0x0014F5C4,0x0014F638,0x0C0038D7,base + RVA; JAL requires R_MIPS_26 relocation,0x092892C4,PASS,0x0014EB68,VANILLA
1,Pokitaru,WF-036,0x0014F968,0x0014F9DC,0x0C0038D7,base + RVA; JAL requires R_MIPS_26 relocation,0x09289668,PASS,0x0014EB68,VANILLA
1,Pokitaru,WF-046,0x001508C8,0x0015093C,0x0C0038D7,base + RVA; JAL requires R_MIPS_26 relocation,0x0928A5C8,PASS,0x0015083C,VANILLA
1,Pokitaru,WF-006,0x0015FBC4,0x0015FC38,0x0C0038D7,base + RVA; JAL requires R_MIPS_26 relocation,0x092998C4,PASS,0x0015FB68,VANILLA
1,Pokitaru,WF-027,0x0016B93C,0x0016B9B0,0x0C0038D7,base + RVA; JAL requires R_MIPS_26 relocation,0x092A563C,PASS,0x0016B830,VANILLA
1,Pokitaru,WF-027,0x0016B958,0x0016B9CC,0x0C0038D7,base + RVA; JAL requires R_MIPS_26 relocation,0x092A5658,PASS,0x0016B830,VANILLA
1,Pokitaru,WF-027,0x0016BC40,0x0016BCB4,0x0C0038D7,base + RVA; JAL requires R_MIPS_26 relocation,0x092A5940,PASS,0x0016B830,VANILLA
1,Pokitaru,WF-027,0x0016BC64,0x0016BCD8,0x0C0038D7,base + RVA; JAL requires R_MIPS_26 relocation,0x092A5964,PASS,0x0016B830,VANILLA
1,Pokitaru,WF-027,0x0016BD30,0x0016BDA4,0x0C0038D7,base + RVA; JAL requires R_MIPS_26 relocation,0x092A5A30,PASS,0x0016B830,VANILLA
1,Pokitaru,WF-030,0x0017DCAC,0x0017DD20,0x0C0038D7,base + RVA; JAL requires R_MIPS_26 relocation,0x092B79AC,PASS,0x0017D49C,VANILLA
1,Pokitaru,WF-019,0x00187724,0x00187798,0x0C0038D7,base + RVA; JAL requires R_MIPS_26 relocation,0x092C1424,PASS,0x00187614,VANILLA
1,Pokitaru,WF-019,0x001879A4,0x00187A18,0x0C0038D7,base + RVA; JAL requires R_MIPS_26 relocation,0x092C16A4,PASS,0x00187614,VANILLA
1,Pokitaru,WF-012,0x001902AC,0x00190320,0x0C0038D7,base + RVA; JAL requires R_MIPS_26 relocation,0x092C9FAC,PASS,0x001901F4,VANILLA
1,Pokitaru,WF-011,0x00190998,0x00190A0C,0x0C0038D7,base + RVA; JAL requires R_MIPS_26 relocation,0x092CA698,PASS,0x00190948,VANILLA
1,Pokitaru,WF-011,0x001909B4,0x00190A28,0x0C0038D7,base + RVA; JAL requires R_MIPS_26 relocation,0x092CA6B4,PASS,0x00190948,VANILLA
2,Ryllus,WF-005,0x0000E58C,0x0000E600,0x0C0038D0,base + RVA; JAL requires R_MIPS_26 relocation,0x0914828C,PASS,0x0000E558,VANILLA
2,Ryllus,WF-005,0x0000E5A8,0x0000E61C,0x0C0038D0,base + RVA; JAL requires R_MIPS_26 relocation,0x091482A8,PASS,0x0000E558,VANILLA
2,Ryllus,WF-005,0x0000E5C4,0x0000E638,0x0C0038D0,base + RVA; JAL requires R_MIPS_26 relocation,0x091482C4,PASS,0x0000E558,VANILLA
2,Ryllus,WF-013,0x0000E808,0x0000E87C,0x0C0038D0,base + RVA; JAL requires R_MIPS_26 relocation,0x09148508,PASS,0x0000E7CC,VANILLA
2,Ryllus,WF-013,0x0000E82C,0x0000E8A0,0x0C0038D0,base + RVA; JAL requires R_MIPS_26 relocation,0x0914852C,PASS,0x0000E7CC,VANILLA
2,Ryllus,WF-020,0x0000E9A8,0x0000EA1C,0x0C0038D0,base + RVA; JAL requires R_MIPS_26 relocation,0x091486A8,PASS,0x0000E8C8,VANILLA
2,Ryllus,WF-020,0x0000E9C8,0x0000EA3C,0x0C0038D0,base + RVA; JAL requires R_MIPS_26 relocation,0x091486C8,PASS,0x0000E8C8,VANILLA
2,Ryllus,WF-015,0x0001137C,0x000113F0,0x0C0038D0,base + RVA; JAL requires R_MIPS_26 relocation,0x0914B07C,PASS,0x000110E0,VANILLA
2,Ryllus,WF-014,0x00029328,0x0002939C,0x0C0038D0,base + RVA; JAL requires R_MIPS_26 relocation,0x09163028,PASS,0x0002923C,VANILLA
2,Ryllus,WF-014,0x0002934C,0x000293C0,0x0C0038D0,base + RVA; JAL requires R_MIPS_26 relocation,0x0916304C,PASS,0x0002923C,VANILLA
2,Ryllus,WF-014,0x00029370,0x000293E4,0x0C0038D0,base + RVA; JAL requires R_MIPS_26 relocation,0x09163070,PASS,0x0002923C,VANILLA
2,Ryllus,WF-021,0x0002988C,0x00029900,0x0C0038D0,base + RVA; JAL requires R_MIPS_26 relocation,0x0916358C,PASS,0x00029850,VANILLA
2,Ryllus,WF-017,0x0002C21C,0x0002C290,0x0C0038D0,base + RVA; JAL requires R_MIPS_26 relocation,0x09165F1C,PASS,0x0002C12C,VANILLA
2,Ryllus,WF-017,0x0002C240,0x0002C2B4,0x0C0038D0,base + RVA; JAL requires R_MIPS_26 relocation,0x09165F40,PASS,0x0002C12C,VANILLA
2,Ryllus,WF-017,0x0002C264,0x0002C2D8,0x0C0038D0,base + RVA; JAL requires R_MIPS_26 relocation,0x09165F64,PASS,0x0002C12C,VANILLA
2,Ryllus,WF-022,0x0002D850,0x0002D8C4,0x0C0038D0,base + RVA; JAL requires R_MIPS_26 relocation,0x09167550,PASS,0x0002D800,VANILLA
2,Ryllus,WF-023,0x000306B4,0x00030728,0x0C0038D0,base + RVA; JAL requires R_MIPS_26 relocation,0x0916A3B4,PASS,0x00030648,VANILLA
2,Ryllus,WF-023,0x0003084C,0x000308C0,0x0C0038D0,base + RVA; JAL requires R_MIPS_26 relocation,0x0916A54C,PASS,0x00030648,VANILLA
2,Ryllus,WF-002,0x0004EC6C,0x0004ECE0,0x0C0038D0,base + RVA; JAL requires R_MIPS_26 relocation,0x0918896C,PASS,0x0004EA0C,VANILLA
2,Ryllus,WF-001,0x0004F348,0x0004F3BC,0x0C0038D0,base + RVA; JAL requires R_MIPS_26 relocation,0x09189048,PASS,0x0004EDA4,VANILLA
2,Ryllus,WF-001,0x0004F37C,0x0004F3F0,0x0C0038D0,base + RVA; JAL requires R_MIPS_26 relocation,0x0918907C,PASS,0x0004EDA4,VANILLA
2,Ryllus,WF-001,0x0004F4F8,0x0004F56C,0x0C0038D0,base + RVA; JAL requires R_MIPS_26 relocation,0x091891F8,PASS,0x0004EDA4,VANILLA
2,Ryllus,WF-003,0x00053198,0x0005320C,0x0C0038D0,base + RVA; JAL requires R_MIPS_26 relocation,0x0918CE98,PASS,0x000528BC,VANILLA
2,Ryllus,WF-004,0x0005ADDC,0x0005AE50,0x0C0038D0,base + RVA; JAL requires R_MIPS_26 relocation,0x09194ADC,PASS,0x0005AD7C,VANILLA
2,Ryllus,WF-008,0x0011098C,0x00110A00,0x0C0038D0,base + RVA; JAL requires R_MIPS_26 relocation,0x0924A68C,PASS,0x00110924,VANILLA
2,Ryllus,WF-008,0x001109AC,0x00110A20,0x0C0038D0,base + RVA; JAL requires R_MIPS_26 relocation,0x0924A6AC,PASS,0x00110924,VANILLA
2,Ryllus,WF-009,0x00110C0C,0x00110C80,0x0C0038D0,base + RVA; JAL requires R_MIPS_26 relocation,0x0924A90C,PASS,0x00110B40,VANILLA
2,Ryllus,WF-009,0x00110C2C,0x00110CA0,0x0C0038D0,base + RVA; JAL requires R_MIPS_26 relocation,0x0924A92C,PASS,0x00110B40,VANILLA
2,Ryllus,WF-007,0x00110E5C,0x00110ED0,0x0C0038D0,base + RVA; JAL requires R_MIPS_26 relocation,0x0924AB5C,PASS,0x00110E08,VANILLA
2,Ryllus,WF-007,0x00110EDC,0x00110F50,0x0C0038D0,base + RVA; JAL requires R_MIPS_26 relocation,0x0924ABDC,PASS,0x00110E08,VANILLA
2,Ryllus,WF-007,0x00110F04,0x00110F78,0x0C0038D0,base + RVA; JAL requires R_MIPS_26 relocation,0x0924AC04,PASS,0x00110E08,VANILLA
2,Ryllus,WF-010,0x001138E8,0x0011395C,0x0C0038D0,base + RVA; JAL requires R_MIPS_26 relocation,0x0924D5E8,PASS,0x001137D4,VANILLA
2,Ryllus,WF-010,0x001139A8,0x00113A1C,0x0C0038D0,base + RVA; JAL requires R_MIPS_26 relocation,0x0924D6A8,PASS,0x001137D4,VANILLA
2,Ryllus,WF-032,0x001295BC,0x00129630,0x0C0038D0,base + RVA; JAL requires R_MIPS_26 relocation,0x092632BC,PASS,0x001292F0,VANILLA
2,Ryllus,WF-032,0x001295FC,0x00129670,0x0C0038D0,base + RVA; JAL requires R_MIPS_26 relocation,0x092632FC,PASS,0x001292F0,VANILLA
2,Ryllus,WF-032,0x00129618,0x0012968C,0x0C0038D0,base + RVA; JAL requires R_MIPS_26 relocation,0x09263318,PASS,0x001292F0,VANILLA
2,Ryllus,WF-032,0x00129654,0x001296C8,0x0C0038D0,base + RVA; JAL requires R_MIPS_26 relocation,0x09263354,PASS,0x001292F0,VANILLA
2,Ryllus,WF-032,0x00129670,0x001296E4,0x0C0038D0,base + RVA; JAL requires R_MIPS_26 relocation,0x09263370,PASS,0x001292F0,VANILLA
2,Ryllus,WF-032,0x0012968C,0x00129700,0x0C0038D0,base + RVA; JAL requires R_MIPS_26 relocation,0x0926338C,PASS,0x001292F0,VANILLA
2,Ryllus,WF-032,0x00129864,0x001298D8,0x0C0038D0,base + RVA; JAL requires R_MIPS_26 relocation,0x09263564,PASS,0x001292F0,VANILLA
2,Ryllus,WF-032,0x00129948,0x001299BC,0x0C0038D0,base + RVA; JAL requires R_MIPS_26 relocation,0x09263648,PASS,0x001292F0,VANILLA
2,Ryllus,WF-032,0x00129964,0x001299D8,0x0C0038D0,base + RVA; JAL requires R_MIPS_26 relocation,0x09263664,PASS,0x001292F0,VANILLA
2,Ryllus,WF-032,0x00129980,0x001299F4,0x0C0038D0,base + RVA; JAL requires R_MIPS_26 relocation,0x09263680,PASS,0x001292F0,VANILLA
2,Ryllus,WF-026,0x0012AD20,0x0012AD94,0x0C0038D0,base + RVA; JAL requires R_MIPS_26 relocation,0x09264A20,PASS,0x0012ABC4,VANILLA
2,Ryllus,WF-025,0x0012B11C,0x0012B190,0x0C0038D0,base + RVA; JAL requires R_MIPS_26 relocation,0x09264E1C,PASS,0x0012AFAC,VANILLA
2,Ryllus,WF-057,0x0012B88C,0x0012B900,0x0C0038D0,base + RVA; JAL requires R_MIPS_26 relocation,0x0926558C,PASS,0x0012B824,VANILLA
2,Ryllus,WF-031,0x0013B8AC,0x0013B920,0x0C0038D0,base + RVA; JAL requires R_MIPS_26 relocation,0x092755AC,PASS,0x0013B798,VANILLA
2,Ryllus,WF-043,0x00141D84,0x00141DF8,0x0C0038D0,base + RVA; JAL requires R_MIPS_26 relocation,0x0927BA84,PASS,0x00141D1C,VANILLA
2,Ryllus,WF-055,0x001657B4,0x00165828,0x0C0038D0,base + RVA; JAL requires R_MIPS_26 relocation,0x0929F4B4,PASS,0x00165740,VANILLA
2,Ryllus,WF-037,0x001661A8,0x0016621C,0x0C0038D0,base + RVA; JAL requires R_MIPS_26 relocation,0x0929FEA8,PASS,0x00166100,VANILLA
2,Ryllus,WF-037,0x0016648C,0x00166500,0x0C0038D0,base + RVA; JAL requires R_MIPS_26 relocation,0x092A018C,PASS,0x00166100,VANILLA
2,Ryllus,WF-037,0x0016670C,0x00166780,0x0C0038D0,base + RVA; JAL requires R_MIPS_26 relocation,0x092A040C,PASS,0x00166100,VANILLA
2,Ryllus,WF-053,0x0016F968,0x0016F9DC,0x0C0038D0,base + RVA; JAL requires R_MIPS_26 relocation,0x092A9668,PASS,0x0016F880,VANILLA
2,Ryllus,WF-006,0x00175508,0x0017557C,0x0C0038D0,base + RVA; JAL requires R_MIPS_26 relocation,0x092AF208,PASS,0x001754AC,VANILLA
2,Ryllus,WF-012,0x001A61A8,0x001A621C,0x0C0038D0,base + RVA; JAL requires R_MIPS_26 relocation,0x092DFEA8,PASS,0x001A60F0,VANILLA
2,Ryllus,WF-011,0x001A6894,0x001A6908,0x0C0038D0,base + RVA; JAL requires R_MIPS_26 relocation,0x092E0594,PASS,0x001A6844,VANILLA
2,Ryllus,WF-011,0x001A68B0,0x001A6924,0x0C0038D0,base + RVA; JAL requires R_MIPS_26 relocation,0x092E05B0,PASS,0x001A6844,VANILLA
3,Kalidon,WF-005,0x0000E5CC,0x0000E640,0x0C0038E0,base + RVA; JAL requires R_MIPS_26 relocation,0x091482CC,PASS,0x0000E598,VANILLA
3,Kalidon,WF-005,0x0000E5E8,0x0000E65C,0x0C0038E0,base + RVA; JAL requires R_MIPS_26 relocation,0x091482E8,PASS,0x0000E598,VANILLA
3,Kalidon,WF-005,0x0000E604,0x0000E678,0x0C0038E0,base + RVA; JAL requires R_MIPS_26 relocation,0x09148304,PASS,0x0000E598,VANILLA
3,Kalidon,WF-013,0x0000E848,0x0000E8BC,0x0C0038E0,base + RVA; JAL requires R_MIPS_26 relocation,0x09148548,PASS,0x0000E80C,VANILLA
3,Kalidon,WF-013,0x0000E86C,0x0000E8E0,0x0C0038E0,base + RVA; JAL requires R_MIPS_26 relocation,0x0914856C,PASS,0x0000E80C,VANILLA
3,Kalidon,WF-015,0x00010DC4,0x00010E38,0x0C0038E0,base + RVA; JAL requires R_MIPS_26 relocation,0x0914AAC4,PASS,0x00010B28,VANILLA
3,Kalidon,WF-014,0x00028EB8,0x00028F2C,0x0C0038E0,base + RVA; JAL requires R_MIPS_26 relocation,0x09162BB8,PASS,0x00028DCC,VANILLA
3,Kalidon,WF-014,0x00028EDC,0x00028F50,0x0C0038E0,base + RVA; JAL requires R_MIPS_26 relocation,0x09162BDC,PASS,0x00028DCC,VANILLA
3,Kalidon,WF-014,0x00028F00,0x00028F74,0x0C0038E0,base + RVA; JAL requires R_MIPS_26 relocation,0x09162C00,PASS,0x00028DCC,VANILLA
3,Kalidon,WF-002,0x00048978,0x000489EC,0x0C0038E0,base + RVA; JAL requires R_MIPS_26 relocation,0x09182678,PASS,0x00048718,VANILLA
3,Kalidon,WF-001,0x00049054,0x000490C8,0x0C0038E0,base + RVA; JAL requires R_MIPS_26 relocation,0x09182D54,PASS,0x00048AB0,VANILLA
3,Kalidon,WF-001,0x00049088,0x000490FC,0x0C0038E0,base + RVA; JAL requires R_MIPS_26 relocation,0x09182D88,PASS,0x00048AB0,VANILLA
3,Kalidon,WF-001,0x00049204,0x00049278,0x0C0038E0,base + RVA; JAL requires R_MIPS_26 relocation,0x09182F04,PASS,0x00048AB0,VANILLA
3,Kalidon,WF-003,0x0004D32C,0x0004D3A0,0x0C0038E0,base + RVA; JAL requires R_MIPS_26 relocation,0x0918702C,PASS,0x0004CA50,VANILLA
3,Kalidon,WF-004,0x00054EAC,0x00054F20,0x0C0038E0,base + RVA; JAL requires R_MIPS_26 relocation,0x0918EBAC,PASS,0x00054E4C,VANILLA
3,Kalidon,WF-008,0x001099A4,0x00109A18,0x0C0038E0,base + RVA; JAL requires R_MIPS_26 relocation,0x092436A4,PASS,0x0010993C,VANILLA
3,Kalidon,WF-008,0x001099C4,0x00109A38,0x0C0038E0,base + RVA; JAL requires R_MIPS_26 relocation,0x092436C4,PASS,0x0010993C,VANILLA
3,Kalidon,WF-009,0x00109C24,0x00109C98,0x0C0038E0,base + RVA; JAL requires R_MIPS_26 relocation,0x09243924,PASS,0x00109B58,VANILLA
3,Kalidon,WF-009,0x00109C44,0x00109CB8,0x0C0038E0,base + RVA; JAL requires R_MIPS_26 relocation,0x09243944,PASS,0x00109B58,VANILLA
3,Kalidon,WF-007,0x00109E74,0x00109EE8,0x0C0038E0,base + RVA; JAL requires R_MIPS_26 relocation,0x09243B74,PASS,0x00109E20,VANILLA
3,Kalidon,WF-007,0x00109EF4,0x00109F68,0x0C0038E0,base + RVA; JAL requires R_MIPS_26 relocation,0x09243BF4,PASS,0x00109E20,VANILLA
3,Kalidon,WF-007,0x00109F1C,0x00109F90,0x0C0038E0,base + RVA; JAL requires R_MIPS_26 relocation,0x09243C1C,PASS,0x00109E20,VANILLA
3,Kalidon,WF-010,0x0010C900,0x0010C974,0x0C0038E0,base + RVA; JAL requires R_MIPS_26 relocation,0x09246600,PASS,0x0010C7EC,VANILLA
3,Kalidon,WF-010,0x0010C9C0,0x0010CA34,0x0C0038E0,base + RVA; JAL requires R_MIPS_26 relocation,0x092466C0,PASS,0x0010C7EC,VANILLA
3,Kalidon,WF-016,0x001461F0,0x00146264,0x0C0038E0,base + RVA; JAL requires R_MIPS_26 relocation,0x0927FEF0,PASS,0x00145EE0,VANILLA
3,Kalidon,WF-016,0x00146494,0x00146508,0x0C0038E0,base + RVA; JAL requires R_MIPS_26 relocation,0x09280194,PASS,0x00145EE0,VANILLA
3,Kalidon,WF-044,0x0015AAEC,0x0015AB60,0x0C0038E0,base + RVA; JAL requires R_MIPS_26 relocation,0x092947EC,PASS,0x00158A18,VANILLA
3,Kalidon,WF-058,0x0016C2D4,0x0016C348,0x0C0038E0,base + RVA; JAL requires R_MIPS_26 relocation,0x092A5FD4,PASS,0x0016AE04,VANILLA
3,Kalidon,WF-006,0x00173864,0x001738D8,0x0C0038E0,base + RVA; JAL requires R_MIPS_26 relocation,0x092AD564,PASS,0x00173808,VANILLA
3,Kalidon,WF-024,0x00185E60,0x00185ED4,0x0C0038E0,base + RVA; JAL requires R_MIPS_26 relocation,0x092BFB60,PASS,0x00185B3C,VANILLA
3,Kalidon,WF-012,0x001A1A88,0x001A1AFC,0x0C0038E0,base + RVA; JAL requires R_MIPS_26 relocation,0x092DB788,PASS,0x001A19D0,VANILLA
3,Kalidon,WF-011,0x001A2174,0x001A21E8,0x0C0038E0,base + RVA; JAL requires R_MIPS_26 relocation,0x092DBE74,PASS,0x001A2124,VANILLA
3,Kalidon,WF-011,0x001A2190,0x001A2204,0x0C0038E0,base + RVA; JAL requires R_MIPS_26 relocation,0x092DBE90,PASS,0x001A2124,VANILLA
4,Metalis,WF-005,0x0000E320,0x0000E394,0x0C003855,base + RVA; JAL requires R_MIPS_26 relocation,0x09148020,PASS,0x0000E2EC,VANILLA
4,Metalis,WF-005,0x0000E33C,0x0000E3B0,0x0C003855,base + RVA; JAL requires R_MIPS_26 relocation,0x0914803C,PASS,0x0000E2EC,VANILLA
4,Metalis,WF-005,0x0000E358,0x0000E3CC,0x0C003855,base + RVA; JAL requires R_MIPS_26 relocation,0x09148058,PASS,0x0000E2EC,VANILLA
4,Metalis,WF-013,0x0000E59C,0x0000E610,0x0C003855,base + RVA; JAL requires R_MIPS_26 relocation,0x0914829C,PASS,0x0000E560,VANILLA
4,Metalis,WF-013,0x0000E5C0,0x0000E634,0x0C003855,base + RVA; JAL requires R_MIPS_26 relocation,0x091482C0,PASS,0x0000E560,VANILLA
4,Metalis,WF-015,0x00010C20,0x00010C94,0x0C003855,base + RVA; JAL requires R_MIPS_26 relocation,0x0914A920,PASS,0x00010984,VANILLA
4,Metalis,WF-014,0x00028AFC,0x00028B70,0x0C003855,base + RVA; JAL requires R_MIPS_26 relocation,0x091627FC,PASS,0x00028A10,VANILLA
4,Metalis,WF-014,0x00028B20,0x00028B94,0x0C003855,base + RVA; JAL requires R_MIPS_26 relocation,0x09162820,PASS,0x00028A10,VANILLA
4,Metalis,WF-014,0x00028B44,0x00028BB8,0x0C003855,base + RVA; JAL requires R_MIPS_26 relocation,0x09162844,PASS,0x00028A10,VANILLA
4,Metalis,WF-029,0x0002B94C,0x0002B9C0,0x0C003855,base + RVA; JAL requires R_MIPS_26 relocation,0x0916564C,PASS,0x0002B91C,VANILLA
4,Metalis,WF-023,0x0002DAAC,0x0002DB20,0x0C003855,base + RVA; JAL requires R_MIPS_26 relocation,0x091677AC,PASS,0x0002DA40,VANILLA
4,Metalis,WF-023,0x0002DC44,0x0002DCB8,0x0C003855,base + RVA; JAL requires R_MIPS_26 relocation,0x09167944,PASS,0x0002DA40,VANILLA
4,Metalis,WF-002,0x0004B9B0,0x0004BA24,0x0C003855,base + RVA; JAL requires R_MIPS_26 relocation,0x091856B0,PASS,0x0004B750,VANILLA
4,Metalis,WF-001,0x0004C08C,0x0004C100,0x0C003855,base + RVA; JAL requires R_MIPS_26 relocation,0x09185D8C,PASS,0x0004BAE8,VANILLA
4,Metalis,WF-001,0x0004C0C0,0x0004C134,0x0C003855,base + RVA; JAL requires R_MIPS_26 relocation,0x09185DC0,PASS,0x0004BAE8,VANILLA
4,Metalis,WF-001,0x0004C23C,0x0004C2B0,0x0C003855,base + RVA; JAL requires R_MIPS_26 relocation,0x09185F3C,PASS,0x0004BAE8,VANILLA
4,Metalis,WF-003,0x0004FEDC,0x0004FF50,0x0C003855,base + RVA; JAL requires R_MIPS_26 relocation,0x09189BDC,PASS,0x0004F600,VANILLA
4,Metalis,WF-004,0x00057A6C,0x00057AE0,0x0C003855,base + RVA; JAL requires R_MIPS_26 relocation,0x0919176C,PASS,0x00057A0C,VANILLA
4,Metalis,WF-028,0x000A5DD0,0x000A5E44,0x0C003855,base + RVA; JAL requires R_MIPS_26 relocation,0x091DFAD0,PASS,0x000A5D40,VANILLA
4,Metalis,WF-028,0x000A5DF4,0x000A5E68,0x0C003855,base + RVA; JAL requires R_MIPS_26 relocation,0x091DFAF4,PASS,0x000A5D40,VANILLA
4,Metalis,WF-008,0x0011274C,0x001127C0,0x0C003855,base + RVA; JAL requires R_MIPS_26 relocation,0x0924C44C,PASS,0x001126E4,VANILLA
4,Metalis,WF-008,0x0011276C,0x001127E0,0x0C003855,base + RVA; JAL requires R_MIPS_26 relocation,0x0924C46C,PASS,0x001126E4,VANILLA
4,Metalis,WF-009,0x001129CC,0x00112A40,0x0C003855,base + RVA; JAL requires R_MIPS_26 relocation,0x0924C6CC,PASS,0x00112900,VANILLA
4,Metalis,WF-009,0x001129EC,0x00112A60,0x0C003855,base + RVA; JAL requires R_MIPS_26 relocation,0x0924C6EC,PASS,0x00112900,VANILLA
4,Metalis,WF-007,0x00112C1C,0x00112C90,0x0C003855,base + RVA; JAL requires R_MIPS_26 relocation,0x0924C91C,PASS,0x00112BC8,VANILLA
4,Metalis,WF-007,0x00112C9C,0x00112D10,0x0C003855,base + RVA; JAL requires R_MIPS_26 relocation,0x0924C99C,PASS,0x00112BC8,VANILLA
4,Metalis,WF-007,0x00112CC4,0x00112D38,0x0C003855,base + RVA; JAL requires R_MIPS_26 relocation,0x0924C9C4,PASS,0x00112BC8,VANILLA
4,Metalis,WF-010,0x001156A8,0x0011571C,0x0C003855,base + RVA; JAL requires R_MIPS_26 relocation,0x0924F3A8,PASS,0x00115594,VANILLA
4,Metalis,WF-010,0x00115768,0x001157DC,0x0C003855,base + RVA; JAL requires R_MIPS_26 relocation,0x0924F468,PASS,0x00115594,VANILLA
4,Metalis,WF-026,0x00129630,0x001296A4,0x0C003855,base + RVA; JAL requires R_MIPS_26 relocation,0x09263330,PASS,0x001294D4,VANILLA
4,Metalis,WF-025,0x00129A2C,0x00129AA0,0x0C003855,base + RVA; JAL requires R_MIPS_26 relocation,0x0926372C,PASS,0x001298BC,VANILLA
4,Metalis,WF-006,0x00168778,0x001687EC,0x0C003855,base + RVA; JAL requires R_MIPS_26 relocation,0x092A2478,PASS,0x0016871C,VANILLA
4,Metalis,WF-030,0x0018C7F8,0x0018C86C,0x0C003855,base + RVA; JAL requires R_MIPS_26 relocation,0x092C64F8,PASS,0x0018BFE8,VANILLA
4,Metalis,WF-012,0x001A0CAC,0x001A0D20,0x0C003855,base + RVA; JAL requires R_MIPS_26 relocation,0x092DA9AC,PASS,0x001A0BF4,VANILLA
4,Metalis,WF-011,0x001A1398,0x001A140C,0x0C003855,base + RVA; JAL requires R_MIPS_26 relocation,0x092DB098,PASS,0x001A1348,VANILLA
4,Metalis,WF-011,0x001A13B4,0x001A1428,0x0C003855,base + RVA; JAL requires R_MIPS_26 relocation,0x092DB0B4,PASS,0x001A1348,VANILLA
5,Dreamtime,WF-005,0x0000E528,0x0000E59C,0x0C0038D7,base + RVA; JAL requires R_MIPS_26 relocation,0x09148228,PASS,0x0000E4F4,VANILLA
5,Dreamtime,WF-005,0x0000E544,0x0000E5B8,0x0C0038D7,base + RVA; JAL requires R_MIPS_26 relocation,0x09148244,PASS,0x0000E4F4,VANILLA
5,Dreamtime,WF-005,0x0000E560,0x0000E5D4,0x0C0038D7,base + RVA; JAL requires R_MIPS_26 relocation,0x09148260,PASS,0x0000E4F4,VANILLA
5,Dreamtime,WF-018,0x0000E5B8,0x0000E62C,0x0C0038D7,base + RVA; JAL requires R_MIPS_26 relocation,0x091482B8,PASS,0x0000E584,VANILLA
5,Dreamtime,WF-018,0x0000E5D4,0x0000E648,0x0C0038D7,base + RVA; JAL requires R_MIPS_26 relocation,0x091482D4,PASS,0x0000E584,VANILLA
5,Dreamtime,WF-013,0x0000E818,0x0000E88C,0x0C0038D7,base + RVA; JAL requires R_MIPS_26 relocation,0x09148518,PASS,0x0000E7DC,VANILLA
5,Dreamtime,WF-013,0x0000E83C,0x0000E8B0,0x0C0038D7,base + RVA; JAL requires R_MIPS_26 relocation,0x0914853C,PASS,0x0000E7DC,VANILLA
5,Dreamtime,WF-020,0x0000E9B8,0x0000EA2C,0x0C0038D7,base + RVA; JAL requires R_MIPS_26 relocation,0x091486B8,PASS,0x0000E8D8,VANILLA
5,Dreamtime,WF-020,0x0000E9D8,0x0000EA4C,0x0C0038D7,base + RVA; JAL requires R_MIPS_26 relocation,0x091486D8,PASS,0x0000E8D8,VANILLA
5,Dreamtime,WF-017,0x00028960,0x000289D4,0x0C0038D7,base + RVA; JAL requires R_MIPS_26 relocation,0x09162660,PASS,0x00028870,VANILLA
5,Dreamtime,WF-017,0x00028984,0x000289F8,0x0C0038D7,base + RVA; JAL requires R_MIPS_26 relocation,0x09162684,PASS,0x00028870,VANILLA
5,Dreamtime,WF-017,0x000289A8,0x00028A1C,0x0C0038D7,base + RVA; JAL requires R_MIPS_26 relocation,0x091626A8,PASS,0x00028870,VANILLA
5,Dreamtime,WF-022,0x0002997C,0x000299F0,0x0C0038D7,base + RVA; JAL requires R_MIPS_26 relocation,0x0916367C,PASS,0x0002992C,VANILLA
5,Dreamtime,WF-002,0x00047F38,0x00047FAC,0x0C0038D7,base + RVA; JAL requires R_MIPS_26 relocation,0x09181C38,PASS,0x00047CD8,VANILLA
5,Dreamtime,WF-001,0x00048614,0x00048688,0x0C0038D7,base + RVA; JAL requires R_MIPS_26 relocation,0x09182314,PASS,0x00048070,VANILLA
5,Dreamtime,WF-001,0x00048648,0x000486BC,0x0C0038D7,base + RVA; JAL requires R_MIPS_26 relocation,0x09182348,PASS,0x00048070,VANILLA
5,Dreamtime,WF-001,0x000487C4,0x00048838,0x0C0038D7,base + RVA; JAL requires R_MIPS_26 relocation,0x091824C4,PASS,0x00048070,VANILLA
5,Dreamtime,WF-003,0x0004C464,0x0004C4D8,0x0C0038D7,base + RVA; JAL requires R_MIPS_26 relocation,0x09186164,PASS,0x0004BB88,VANILLA
5,Dreamtime,WF-004,0x00053FD8,0x0005404C,0x0C0038D7,base + RVA; JAL requires R_MIPS_26 relocation,0x0918DCD8,PASS,0x00053F78,VANILLA
5,Dreamtime,WF-008,0x001074E4,0x00107558,0x0C0038D7,base + RVA; JAL requires R_MIPS_26 relocation,0x092411E4,PASS,0x0010747C,VANILLA
5,Dreamtime,WF-008,0x00107504,0x00107578,0x0C0038D7,base + RVA; JAL requires R_MIPS_26 relocation,0x09241204,PASS,0x0010747C,VANILLA
5,Dreamtime,WF-009,0x00107764,0x001077D8,0x0C0038D7,base + RVA; JAL requires R_MIPS_26 relocation,0x09241464,PASS,0x00107698,VANILLA
5,Dreamtime,WF-009,0x00107784,0x001077F8,0x0C0038D7,base + RVA; JAL requires R_MIPS_26 relocation,0x09241484,PASS,0x00107698,VANILLA
5,Dreamtime,WF-007,0x001079B4,0x00107A28,0x0C0038D7,base + RVA; JAL requires R_MIPS_26 relocation,0x092416B4,PASS,0x00107960,VANILLA
5,Dreamtime,WF-007,0x00107A34,0x00107AA8,0x0C0038D7,base + RVA; JAL requires R_MIPS_26 relocation,0x09241734,PASS,0x00107960,VANILLA
5,Dreamtime,WF-007,0x00107A5C,0x00107AD0,0x0C0038D7,base + RVA; JAL requires R_MIPS_26 relocation,0x0924175C,PASS,0x00107960,VANILLA
5,Dreamtime,WF-010,0x0010A440,0x0010A4B4,0x0C0038D7,base + RVA; JAL requires R_MIPS_26 relocation,0x09244140,PASS,0x0010A32C,VANILLA
5,Dreamtime,WF-010,0x0010A500,0x0010A574,0x0C0038D7,base + RVA; JAL requires R_MIPS_26 relocation,0x09244200,PASS,0x0010A32C,VANILLA
5,Dreamtime,WF-050,0x001338F0,0x00133964,0x0C0038D7,base + RVA; JAL requires R_MIPS_26 relocation,0x0926D5F0,PASS,0x001338A4,VANILLA
5,Dreamtime,WF-048,0x00143390,0x00143404,0x0C0038D7,base + RVA; JAL requires R_MIPS_26 relocation,0x0927D090,PASS,0x00143354,VANILLA
5,Dreamtime,WF-056,0x00143EF4,0x00143F68,0x0C0038D7,base + RVA; JAL requires R_MIPS_26 relocation,0x0927DBF4,PASS,0x00143D14,VANILLA
5,Dreamtime,WF-006,0x0015BBA8,0x0015BC1C,0x0C0038D7,base + RVA; JAL requires R_MIPS_26 relocation,0x092958A8,PASS,0x0015BB4C,VANILLA
5,Dreamtime,WF-027,0x001667A8,0x0016681C,0x0C0038D7,base + RVA; JAL requires R_MIPS_26 relocation,0x092A04A8,PASS,0x0016669C,VANILLA
5,Dreamtime,WF-027,0x001667C4,0x00166838,0x0C0038D7,base + RVA; JAL requires R_MIPS_26 relocation,0x092A04C4,PASS,0x0016669C,VANILLA
5,Dreamtime,WF-027,0x00166AAC,0x00166B20,0x0C0038D7,base + RVA; JAL requires R_MIPS_26 relocation,0x092A07AC,PASS,0x0016669C,VANILLA
5,Dreamtime,WF-027,0x00166AD0,0x00166B44,0x0C0038D7,base + RVA; JAL requires R_MIPS_26 relocation,0x092A07D0,PASS,0x0016669C,VANILLA
5,Dreamtime,WF-027,0x00166B9C,0x00166C10,0x0C0038D7,base + RVA; JAL requires R_MIPS_26 relocation,0x092A089C,PASS,0x0016669C,VANILLA
5,Dreamtime,WF-012,0x0017F904,0x0017F978,0x0C0038D7,base + RVA; JAL requires R_MIPS_26 relocation,0x092B9604,PASS,0x0017F84C,VANILLA
5,Dreamtime,WF-011,0x0017FFF0,0x00180064,0x0C0038D7,base + RVA; JAL requires R_MIPS_26 relocation,0x092B9CF0,PASS,0x0017FFA0,VANILLA
5,Dreamtime,WF-011,0x0018000C,0x00180080,0x0C0038D7,base + RVA; JAL requires R_MIPS_26 relocation,0x092B9D0C,PASS,0x0017FFA0,VANILLA
6,Medical Outpost Omega,WF-005,0x0000E390,0x0000E404,0x0C003871,base + RVA; JAL requires R_MIPS_26 relocation,0x09148090,PASS,0x0000E35C,VANILLA
6,Medical Outpost Omega,WF-005,0x0000E3AC,0x0000E420,0x0C003871,base + RVA; JAL requires R_MIPS_26 relocation,0x091480AC,PASS,0x0000E35C,VANILLA
6,Medical Outpost Omega,WF-005,0x0000E3C8,0x0000E43C,0x0C003871,base + RVA; JAL requires R_MIPS_26 relocation,0x091480C8,PASS,0x0000E35C,VANILLA
6,Medical Outpost Omega,WF-013,0x0000E60C,0x0000E680,0x0C003871,base + RVA; JAL requires R_MIPS_26 relocation,0x0914830C,PASS,0x0000E5D0,VANILLA
6,Medical Outpost Omega,WF-013,0x0000E630,0x0000E6A4,0x0C003871,base + RVA; JAL requires R_MIPS_26 relocation,0x09148330,PASS,0x0000E5D0,VANILLA
6,Medical Outpost Omega,WF-014,0x00027774,0x000277E8,0x0C003871,base + RVA; JAL requires R_MIPS_26 relocation,0x09161474,PASS,0x00027688,VANILLA
6,Medical Outpost Omega,WF-014,0x00027798,0x0002780C,0x0C003871,base + RVA; JAL requires R_MIPS_26 relocation,0x09161498,PASS,0x00027688,VANILLA
6,Medical Outpost Omega,WF-014,0x000277BC,0x00027830,0x0C003871,base + RVA; JAL requires R_MIPS_26 relocation,0x091614BC,PASS,0x00027688,VANILLA
6,Medical Outpost Omega,WF-002,0x00047094,0x00047108,0x0C003871,base + RVA; JAL requires R_MIPS_26 relocation,0x09180D94,PASS,0x00046E34,VANILLA
6,Medical Outpost Omega,WF-001,0x00047770,0x000477E4,0x0C003871,base + RVA; JAL requires R_MIPS_26 relocation,0x09181470,PASS,0x000471CC,VANILLA
6,Medical Outpost Omega,WF-001,0x000477A4,0x00047818,0x0C003871,base + RVA; JAL requires R_MIPS_26 relocation,0x091814A4,PASS,0x000471CC,VANILLA
6,Medical Outpost Omega,WF-001,0x00047920,0x00047994,0x0C003871,base + RVA; JAL requires R_MIPS_26 relocation,0x09181620,PASS,0x000471CC,VANILLA
6,Medical Outpost Omega,WF-003,0x0004BA48,0x0004BABC,0x0C003871,base + RVA; JAL requires R_MIPS_26 relocation,0x09185748,PASS,0x0004B16C,VANILLA
6,Medical Outpost Omega,WF-004,0x000535BC,0x00053630,0x0C003871,base + RVA; JAL requires R_MIPS_26 relocation,0x0918D2BC,PASS,0x0005355C,VANILLA
6,Medical Outpost Omega,WF-008,0x00102D60,0x00102DD4,0x0C003871,base + RVA; JAL requires R_MIPS_26 relocation,0x0923CA60,PASS,0x00102CF8,VANILLA
6,Medical Outpost Omega,WF-008,0x00102D80,0x00102DF4,0x0C003871,base + RVA; JAL requires R_MIPS_26 relocation,0x0923CA80,PASS,0x00102CF8,VANILLA
6,Medical Outpost Omega,WF-009,0x00102FE0,0x00103054,0x0C003871,base + RVA; JAL requires R_MIPS_26 relocation,0x0923CCE0,PASS,0x00102F14,VANILLA
6,Medical Outpost Omega,WF-009,0x00103000,0x00103074,0x0C003871,base + RVA; JAL requires R_MIPS_26 relocation,0x0923CD00,PASS,0x00102F14,VANILLA
6,Medical Outpost Omega,WF-007,0x00103230,0x001032A4,0x0C003871,base + RVA; JAL requires R_MIPS_26 relocation,0x0923CF30,PASS,0x001031DC,VANILLA
6,Medical Outpost Omega,WF-007,0x001032B0,0x00103324,0x0C003871,base + RVA; JAL requires R_MIPS_26 relocation,0x0923CFB0,PASS,0x001031DC,VANILLA
6,Medical Outpost Omega,WF-007,0x001032D8,0x0010334C,0x0C003871,base + RVA; JAL requires R_MIPS_26 relocation,0x0923CFD8,PASS,0x001031DC,VANILLA
6,Medical Outpost Omega,WF-010,0x00105CBC,0x00105D30,0x0C003871,base + RVA; JAL requires R_MIPS_26 relocation,0x0923F9BC,PASS,0x00105BA8,VANILLA
6,Medical Outpost Omega,WF-010,0x00105D7C,0x00105DF0,0x0C003871,base + RVA; JAL requires R_MIPS_26 relocation,0x0923FA7C,PASS,0x00105BA8,VANILLA
6,Medical Outpost Omega,WF-016,0x001397CC,0x00139840,0x0C003871,base + RVA; JAL requires R_MIPS_26 relocation,0x092734CC,PASS,0x001394BC,VANILLA
6,Medical Outpost Omega,WF-016,0x00139A70,0x00139AE4,0x0C003871,base + RVA; JAL requires R_MIPS_26 relocation,0x09273770,PASS,0x001394BC,VANILLA
6,Medical Outpost Omega,WF-034,0x001488BC,0x00148930,0x0C003871,base + RVA; JAL requires R_MIPS_26 relocation,0x092825BC,PASS,0x00148788,VANILLA
6,Medical Outpost Omega,WF-034,0x001488D8,0x0014894C,0x0C003871,base + RVA; JAL requires R_MIPS_26 relocation,0x092825D8,PASS,0x00148788,VANILLA
6,Medical Outpost Omega,WF-034,0x001488F4,0x00148968,0x0C003871,base + RVA; JAL requires R_MIPS_26 relocation,0x092825F4,PASS,0x00148788,VANILLA
6,Medical Outpost Omega,WF-034,0x00148910,0x00148984,0x0C003871,base + RVA; JAL requires R_MIPS_26 relocation,0x09282610,PASS,0x00148788,VANILLA
6,Medical Outpost Omega,WF-006,0x001582C4,0x00158338,0x0C003871,base + RVA; JAL requires R_MIPS_26 relocation,0x09291FC4,PASS,0x00158268,VANILLA
6,Medical Outpost Omega,WF-012,0x0017F840,0x0017F8B4,0x0C003871,base + RVA; JAL requires R_MIPS_26 relocation,0x092B9540,PASS,0x0017F788,VANILLA
6,Medical Outpost Omega,WF-011,0x0017FF2C,0x0017FFA0,0x0C003871,base + RVA; JAL requires R_MIPS_26 relocation,0x092B9C2C,PASS,0x0017FEDC,VANILLA
6,Medical Outpost Omega,WF-011,0x0017FF48,0x0017FFBC,0x0C003871,base + RVA; JAL requires R_MIPS_26 relocation,0x092B9C48,PASS,0x0017FEDC,VANILLA
7,Challax,WF-005,0x0000E528,0x0000E59C,0x0C0038D7,base + RVA; JAL requires R_MIPS_26 relocation,0x09148228,PASS,0x0000E4F4,VANILLA
7,Challax,WF-005,0x0000E544,0x0000E5B8,0x0C0038D7,base + RVA; JAL requires R_MIPS_26 relocation,0x09148244,PASS,0x0000E4F4,VANILLA
7,Challax,WF-005,0x0000E560,0x0000E5D4,0x0C0038D7,base + RVA; JAL requires R_MIPS_26 relocation,0x09148260,PASS,0x0000E4F4,VANILLA
7,Challax,WF-018,0x0000E5B8,0x0000E62C,0x0C0038D7,base + RVA; JAL requires R_MIPS_26 relocation,0x091482B8,PASS,0x0000E584,VANILLA
7,Challax,WF-018,0x0000E5D4,0x0000E648,0x0C0038D7,base + RVA; JAL requires R_MIPS_26 relocation,0x091482D4,PASS,0x0000E584,VANILLA
7,Challax,WF-013,0x0000E818,0x0000E88C,0x0C0038D7,base + RVA; JAL requires R_MIPS_26 relocation,0x09148518,PASS,0x0000E7DC,VANILLA
7,Challax,WF-013,0x0000E83C,0x0000E8B0,0x0C0038D7,base + RVA; JAL requires R_MIPS_26 relocation,0x0914853C,PASS,0x0000E7DC,VANILLA
7,Challax,WF-020,0x0000E9B8,0x0000EA2C,0x0C0038D7,base + RVA; JAL requires R_MIPS_26 relocation,0x091486B8,PASS,0x0000E8D8,VANILLA
7,Challax,WF-020,0x0000E9D8,0x0000EA4C,0x0C0038D7,base + RVA; JAL requires R_MIPS_26 relocation,0x091486D8,PASS,0x0000E8D8,VANILLA
7,Challax,WF-015,0x00010FB8,0x0001102C,0x0C0038D7,base + RVA; JAL requires R_MIPS_26 relocation,0x0914ACB8,PASS,0x00010D1C,VANILLA
7,Challax,WF-014,0x00028CD4,0x00028D48,0x0C0038D7,base + RVA; JAL requires R_MIPS_26 relocation,0x091629D4,PASS,0x00028BE8,VANILLA
7,Challax,WF-014,0x00028CF8,0x00028D6C,0x0C0038D7,base + RVA; JAL requires R_MIPS_26 relocation,0x091629F8,PASS,0x00028BE8,VANILLA
7,Challax,WF-014,0x00028D1C,0x00028D90,0x0C0038D7,base + RVA; JAL requires R_MIPS_26 relocation,0x09162A1C,PASS,0x00028BE8,VANILLA
7,Challax,WF-017,0x0002AD38,0x0002ADAC,0x0C0038D7,base + RVA; JAL requires R_MIPS_26 relocation,0x09164A38,PASS,0x0002AC48,VANILLA
7,Challax,WF-017,0x0002AD5C,0x0002ADD0,0x0C0038D7,base + RVA; JAL requires R_MIPS_26 relocation,0x09164A5C,PASS,0x0002AC48,VANILLA
7,Challax,WF-017,0x0002AD80,0x0002ADF4,0x0C0038D7,base + RVA; JAL requires R_MIPS_26 relocation,0x09164A80,PASS,0x0002AC48,VANILLA
7,Challax,WF-022,0x0002BD54,0x0002BDC8,0x0C0038D7,base + RVA; JAL requires R_MIPS_26 relocation,0x09165A54,PASS,0x0002BD04,VANILLA
7,Challax,WF-002,0x0004A758,0x0004A7CC,0x0C0038D7,base + RVA; JAL requires R_MIPS_26 relocation,0x09184458,PASS,0x0004A4F8,VANILLA
7,Challax,WF-001,0x0004AE34,0x0004AEA8,0x0C0038D7,base + RVA; JAL requires R_MIPS_26 relocation,0x09184B34,PASS,0x0004A890,VANILLA
7,Challax,WF-001,0x0004AE68,0x0004AEDC,0x0C0038D7,base + RVA; JAL requires R_MIPS_26 relocation,0x09184B68,PASS,0x0004A890,VANILLA
7,Challax,WF-001,0x0004AFE4,0x0004B058,0x0C0038D7,base + RVA; JAL requires R_MIPS_26 relocation,0x09184CE4,PASS,0x0004A890,VANILLA
7,Challax,WF-003,0x0004F10C,0x0004F180,0x0C0038D7,base + RVA; JAL requires R_MIPS_26 relocation,0x09188E0C,PASS,0x0004E830,VANILLA
7,Challax,WF-004,0x00056C9C,0x00056D10,0x0C0038D7,base + RVA; JAL requires R_MIPS_26 relocation,0x0919099C,PASS,0x00056C3C,VANILLA
7,Challax,WF-008,0x0010D2B0,0x0010D324,0x0C0038D7,base + RVA; JAL requires R_MIPS_26 relocation,0x09246FB0,PASS,0x0010D248,VANILLA
7,Challax,WF-008,0x0010D2D0,0x0010D344,0x0C0038D7,base + RVA; JAL requires R_MIPS_26 relocation,0x09246FD0,PASS,0x0010D248,VANILLA
7,Challax,WF-009,0x0010D530,0x0010D5A4,0x0C0038D7,base + RVA; JAL requires R_MIPS_26 relocation,0x09247230,PASS,0x0010D464,VANILLA
7,Challax,WF-009,0x0010D550,0x0010D5C4,0x0C0038D7,base + RVA; JAL requires R_MIPS_26 relocation,0x09247250,PASS,0x0010D464,VANILLA
7,Challax,WF-007,0x0010D780,0x0010D7F4,0x0C0038D7,base + RVA; JAL requires R_MIPS_26 relocation,0x09247480,PASS,0x0010D72C,VANILLA
7,Challax,WF-007,0x0010D800,0x0010D874,0x0C0038D7,base + RVA; JAL requires R_MIPS_26 relocation,0x09247500,PASS,0x0010D72C,VANILLA
7,Challax,WF-007,0x0010D828,0x0010D89C,0x0C0038D7,base + RVA; JAL requires R_MIPS_26 relocation,0x09247528,PASS,0x0010D72C,VANILLA
7,Challax,WF-010,0x0011020C,0x00110280,0x0C0038D7,base + RVA; JAL requires R_MIPS_26 relocation,0x09249F0C,PASS,0x001100F8,VANILLA
7,Challax,WF-010,0x001102CC,0x00110340,0x0C0038D7,base + RVA; JAL requires R_MIPS_26 relocation,0x09249FCC,PASS,0x001100F8,VANILLA
7,Challax,WF-045,0x0013038C,0x00130400,0x0C0038D7,base + RVA; JAL requires R_MIPS_26 relocation,0x0926A08C,PASS,0x001302C0,VANILLA
7,Challax,WF-042,0x00130BD4,0x00130C48,0x0C0038D7,base + RVA; JAL requires R_MIPS_26 relocation,0x0926A8D4,PASS,0x00130B1C,VANILLA
7,Challax,WF-039,0x00131444,0x001314B8,0x0C0038D7,base + RVA; JAL requires R_MIPS_26 relocation,0x0926B144,PASS,0x001311E8,VANILLA
7,Challax,WF-039,0x00131A50,0x00131AC4,0x0C0038D7,base + RVA; JAL requires R_MIPS_26 relocation,0x0926B750,PASS,0x001311E8,VANILLA
7,Challax,WF-016,0x0014F6D8,0x0014F74C,0x0C0038D7,base + RVA; JAL requires R_MIPS_26 relocation,0x092893D8,PASS,0x0014F3C8,VANILLA
7,Challax,WF-016,0x0014F97C,0x0014F9F0,0x0C0038D7,base + RVA; JAL requires R_MIPS_26 relocation,0x0928967C,PASS,0x0014F3C8,VANILLA
7,Challax,WF-052,0x0015E5DC,0x0015E650,0x0C0038D7,base + RVA; JAL requires R_MIPS_26 relocation,0x092982DC,PASS,0x0015DAE8,VANILLA
7,Challax,WF-049,0x00161050,0x001610C4,0x0C0038D7,base + RVA; JAL requires R_MIPS_26 relocation,0x0929AD50,PASS,0x00160EB4,VANILLA
7,Challax,WF-006,0x0016FC8C,0x0016FD00,0x0C0038D7,base + RVA; JAL requires R_MIPS_26 relocation,0x092A998C,PASS,0x0016FC30,VANILLA
7,Challax,WF-019,0x00192FDC,0x00193050,0x0C0038D7,base + RVA; JAL requires R_MIPS_26 relocation,0x092CCCDC,PASS,0x00192ECC,VANILLA
7,Challax,WF-019,0x0019325C,0x001932D0,0x0C0038D7,base + RVA; JAL requires R_MIPS_26 relocation,0x092CCF5C,PASS,0x00192ECC,VANILLA
7,Challax,WF-012,0x0019B7F8,0x0019B86C,0x0C0038D7,base + RVA; JAL requires R_MIPS_26 relocation,0x092D54F8,PASS,0x0019B740,VANILLA
7,Challax,WF-011,0x0019BEE4,0x0019BF58,0x0C0038D7,base + RVA; JAL requires R_MIPS_26 relocation,0x092D5BE4,PASS,0x0019BE94,VANILLA
7,Challax,WF-011,0x0019BF00,0x0019BF74,0x0C0038D7,base + RVA; JAL requires R_MIPS_26 relocation,0x092D5C00,PASS,0x0019BE94,VANILLA
8,Dayni Moon,WF-005,0x0000E584,0x0000E5F8,0x0C0038EE,base + RVA; JAL requires R_MIPS_26 relocation,0x09148284,PASS,0x0000E550,VANILLA
8,Dayni Moon,WF-005,0x0000E5A0,0x0000E614,0x0C0038EE,base + RVA; JAL requires R_MIPS_26 relocation,0x091482A0,PASS,0x0000E550,VANILLA
8,Dayni Moon,WF-005,0x0000E5BC,0x0000E630,0x0C0038EE,base + RVA; JAL requires R_MIPS_26 relocation,0x091482BC,PASS,0x0000E550,VANILLA
8,Dayni Moon,WF-018,0x0000E614,0x0000E688,0x0C0038EE,base + RVA; JAL requires R_MIPS_26 relocation,0x09148314,PASS,0x0000E5E0,VANILLA
8,Dayni Moon,WF-018,0x0000E630,0x0000E6A4,0x0C0038EE,base + RVA; JAL requires R_MIPS_26 relocation,0x09148330,PASS,0x0000E5E0,VANILLA
8,Dayni Moon,WF-013,0x0000E874,0x0000E8E8,0x0C0038EE,base + RVA; JAL requires R_MIPS_26 relocation,0x09148574,PASS,0x0000E838,VANILLA
8,Dayni Moon,WF-013,0x0000E898,0x0000E90C,0x0C0038EE,base + RVA; JAL requires R_MIPS_26 relocation,0x09148598,PASS,0x0000E838,VANILLA
8,Dayni Moon,WF-020,0x0000EA14,0x0000EA88,0x0C0038EE,base + RVA; JAL requires R_MIPS_26 relocation,0x09148714,PASS,0x0000E934,VANILLA
8,Dayni Moon,WF-020,0x0000EA34,0x0000EAA8,0x0C0038EE,base + RVA; JAL requires R_MIPS_26 relocation,0x09148734,PASS,0x0000E934,VANILLA
8,Dayni Moon,WF-015,0x000113D4,0x00011448,0x0C0038EE,base + RVA; JAL requires R_MIPS_26 relocation,0x0914B0D4,PASS,0x00011138,VANILLA
8,Dayni Moon,WF-014,0x00029418,0x0002948C,0x0C0038EE,base + RVA; JAL requires R_MIPS_26 relocation,0x09163118,PASS,0x0002932C,VANILLA
8,Dayni Moon,WF-014,0x0002943C,0x000294B0,0x0C0038EE,base + RVA; JAL requires R_MIPS_26 relocation,0x0916313C,PASS,0x0002932C,VANILLA
8,Dayni Moon,WF-014,0x00029460,0x000294D4,0x0C0038EE,base + RVA; JAL requires R_MIPS_26 relocation,0x09163160,PASS,0x0002932C,VANILLA
8,Dayni Moon,WF-021,0x00029A80,0x00029AF4,0x0C0038EE,base + RVA; JAL requires R_MIPS_26 relocation,0x09163780,PASS,0x00029A44,VANILLA
8,Dayni Moon,WF-017,0x0002BCA4,0x0002BD18,0x0C0038EE,base + RVA; JAL requires R_MIPS_26 relocation,0x091659A4,PASS,0x0002BBB4,VANILLA
8,Dayni Moon,WF-017,0x0002BCC8,0x0002BD3C,0x0C0038EE,base + RVA; JAL requires R_MIPS_26 relocation,0x091659C8,PASS,0x0002BBB4,VANILLA
8,Dayni Moon,WF-017,0x0002BCEC,0x0002BD60,0x0C0038EE,base + RVA; JAL requires R_MIPS_26 relocation,0x091659EC,PASS,0x0002BBB4,VANILLA
8,Dayni Moon,WF-022,0x0002CCC0,0x0002CD34,0x0C0038EE,base + RVA; JAL requires R_MIPS_26 relocation,0x091669C0,PASS,0x0002CC70,VANILLA
8,Dayni Moon,WF-029,0x0002E9C8,0x0002EA3C,0x0C0038EE,base + RVA; JAL requires R_MIPS_26 relocation,0x091686C8,PASS,0x0002E998,VANILLA
8,Dayni Moon,WF-023,0x00030B28,0x00030B9C,0x0C0038EE,base + RVA; JAL requires R_MIPS_26 relocation,0x0916A828,PASS,0x00030ABC,VANILLA
8,Dayni Moon,WF-023,0x00030CC0,0x00030D34,0x0C0038EE,base + RVA; JAL requires R_MIPS_26 relocation,0x0916A9C0,PASS,0x00030ABC,VANILLA
8,Dayni Moon,WF-002,0x0004F218,0x0004F28C,0x0C0038EE,base + RVA; JAL requires R_MIPS_26 relocation,0x09188F18,PASS,0x0004EFB8,VANILLA
8,Dayni Moon,WF-001,0x0004F8F4,0x0004F968,0x0C0038EE,base + RVA; JAL requires R_MIPS_26 relocation,0x091895F4,PASS,0x0004F350,VANILLA
8,Dayni Moon,WF-001,0x0004F928,0x0004F99C,0x0C0038EE,base + RVA; JAL requires R_MIPS_26 relocation,0x09189628,PASS,0x0004F350,VANILLA
8,Dayni Moon,WF-001,0x0004FAA4,0x0004FB18,0x0C0038EE,base + RVA; JAL requires R_MIPS_26 relocation,0x091897A4,PASS,0x0004F350,VANILLA
8,Dayni Moon,WF-003,0x00053BCC,0x00053C40,0x0C0038EE,base + RVA; JAL requires R_MIPS_26 relocation,0x0918D8CC,PASS,0x000532F0,VANILLA
8,Dayni Moon,WF-004,0x0005B740,0x0005B7B4,0x0C0038EE,base + RVA; JAL requires R_MIPS_26 relocation,0x09195440,PASS,0x0005B6E0,VANILLA
8,Dayni Moon,WF-028,0x000AAFE8,0x000AB05C,0x0C0038EE,base + RVA; JAL requires R_MIPS_26 relocation,0x091E4CE8,PASS,0x000AAF58,VANILLA
8,Dayni Moon,WF-028,0x000AB00C,0x000AB080,0x0C0038EE,base + RVA; JAL requires R_MIPS_26 relocation,0x091E4D0C,PASS,0x000AAF58,VANILLA
8,Dayni Moon,WF-008,0x001176B8,0x0011772C,0x0C0038EE,base + RVA; JAL requires R_MIPS_26 relocation,0x092513B8,PASS,0x00117650,VANILLA
8,Dayni Moon,WF-008,0x001176D8,0x0011774C,0x0C0038EE,base + RVA; JAL requires R_MIPS_26 relocation,0x092513D8,PASS,0x00117650,VANILLA
8,Dayni Moon,WF-009,0x00117938,0x001179AC,0x0C0038EE,base + RVA; JAL requires R_MIPS_26 relocation,0x09251638,PASS,0x0011786C,VANILLA
8,Dayni Moon,WF-009,0x00117958,0x001179CC,0x0C0038EE,base + RVA; JAL requires R_MIPS_26 relocation,0x09251658,PASS,0x0011786C,VANILLA
8,Dayni Moon,WF-007,0x00117B88,0x00117BFC,0x0C0038EE,base + RVA; JAL requires R_MIPS_26 relocation,0x09251888,PASS,0x00117B34,VANILLA
8,Dayni Moon,WF-007,0x00117C08,0x00117C7C,0x0C0038EE,base + RVA; JAL requires R_MIPS_26 relocation,0x09251908,PASS,0x00117B34,VANILLA
8,Dayni Moon,WF-007,0x00117C30,0x00117CA4,0x0C0038EE,base + RVA; JAL requires R_MIPS_26 relocation,0x09251930,PASS,0x00117B34,VANILLA
8,Dayni Moon,WF-010,0x0011A614,0x0011A688,0x0C0038EE,base + RVA; JAL requires R_MIPS_26 relocation,0x09254314,PASS,0x0011A500,VANILLA
8,Dayni Moon,WF-010,0x0011A6D4,0x0011A748,0x0C0038EE,base + RVA; JAL requires R_MIPS_26 relocation,0x092543D4,PASS,0x0011A500,VANILLA
8,Dayni Moon,WF-026,0x0012F37C,0x0012F3F0,0x0C0038EE,base + RVA; JAL requires R_MIPS_26 relocation,0x0926907C,PASS,0x0012F220,VANILLA
8,Dayni Moon,WF-025,0x0012F778,0x0012F7EC,0x0C0038EE,base + RVA; JAL requires R_MIPS_26 relocation,0x09269478,PASS,0x0012F608,VANILLA
8,Dayni Moon,WF-041,0x0016D83C,0x0016D8B0,0x0C0038EE,base + RVA; JAL requires R_MIPS_26 relocation,0x092A753C,PASS,0x0016D768,VANILLA
8,Dayni Moon,WF-041,0x0016DA64,0x0016DAD8,0x0C0038EE,base + RVA; JAL requires R_MIPS_26 relocation,0x092A7764,PASS,0x0016D768,VANILLA
8,Dayni Moon,WF-038,0x0017188C,0x00171900,0x0C0038EE,base + RVA; JAL requires R_MIPS_26 relocation,0x092AB58C,PASS,0x00171748,VANILLA
8,Dayni Moon,WF-038,0x00171910,0x00171984,0x0C0038EE,base + RVA; JAL requires R_MIPS_26 relocation,0x092AB610,PASS,0x00171748,VANILLA
8,Dayni Moon,WF-054,0x00173178,0x001731EC,0x0C0038EE,base + RVA; JAL requires R_MIPS_26 relocation,0x092ACE78,PASS,0x00173114,VANILLA
8,Dayni Moon,WF-040,0x00173824,0x00173898,0x0C0038EE,base + RVA; JAL requires R_MIPS_26 relocation,0x092AD524,PASS,0x00173764,VANILLA
8,Dayni Moon,WF-040,0x00173954,0x001739C8,0x0C0038EE,base + RVA; JAL requires R_MIPS_26 relocation,0x092AD654,PASS,0x00173764,VANILLA
8,Dayni Moon,WF-035,0x00173D74,0x00173DE8,0x0C0038EE,base + RVA; JAL requires R_MIPS_26 relocation,0x092ADA74,PASS,0x00173AD0,VANILLA
8,Dayni Moon,WF-035,0x00173D94,0x00173E08,0x0C0038EE,base + RVA; JAL requires R_MIPS_26 relocation,0x092ADA94,PASS,0x00173AD0,VANILLA
8,Dayni Moon,WF-035,0x00173E7C,0x00173EF0,0x0C0038EE,base + RVA; JAL requires R_MIPS_26 relocation,0x092ADB7C,PASS,0x00173AD0,VANILLA
8,Dayni Moon,WF-035,0x00173EEC,0x00173F60,0x0C0038EE,base + RVA; JAL requires R_MIPS_26 relocation,0x092ADBEC,PASS,0x00173AD0,VANILLA
8,Dayni Moon,WF-006,0x0018C170,0x0018C1E4,0x0C0038EE,base + RVA; JAL requires R_MIPS_26 relocation,0x092C5E70,PASS,0x0018C114,VANILLA
8,Dayni Moon,WF-019,0x001B3A48,0x001B3ABC,0x0C0038EE,base + RVA; JAL requires R_MIPS_26 relocation,0x092ED748,PASS,0x001B3938,VANILLA
8,Dayni Moon,WF-019,0x001B3CC8,0x001B3D3C,0x0C0038EE,base + RVA; JAL requires R_MIPS_26 relocation,0x092ED9C8,PASS,0x001B3938,VANILLA
8,Dayni Moon,WF-012,0x001C4E90,0x001C4F04,0x0C0038EE,base + RVA; JAL requires R_MIPS_26 relocation,0x092FEB90,PASS,0x001C4DD8,VANILLA
8,Dayni Moon,WF-011,0x001C557C,0x001C55F0,0x0C0038EE,base + RVA; JAL requires R_MIPS_26 relocation,0x092FF27C,PASS,0x001C552C,VANILLA
8,Dayni Moon,WF-011,0x001C5598,0x001C560C,0x0C0038EE,base + RVA; JAL requires R_MIPS_26 relocation,0x092FF298,PASS,0x001C552C,VANILLA
9,Inside Clank,WF-005,0x0000E528,0x0000E59C,0x0C0038D7,base + RVA; JAL requires R_MIPS_26 relocation,0x09148228,PASS,0x0000E4F4,VANILLA
9,Inside Clank,WF-005,0x0000E544,0x0000E5B8,0x0C0038D7,base + RVA; JAL requires R_MIPS_26 relocation,0x09148244,PASS,0x0000E4F4,VANILLA
9,Inside Clank,WF-005,0x0000E560,0x0000E5D4,0x0C0038D7,base + RVA; JAL requires R_MIPS_26 relocation,0x09148260,PASS,0x0000E4F4,VANILLA
9,Inside Clank,WF-018,0x0000E5B8,0x0000E62C,0x0C0038D7,base + RVA; JAL requires R_MIPS_26 relocation,0x091482B8,PASS,0x0000E584,VANILLA
9,Inside Clank,WF-018,0x0000E5D4,0x0000E648,0x0C0038D7,base + RVA; JAL requires R_MIPS_26 relocation,0x091482D4,PASS,0x0000E584,VANILLA
9,Inside Clank,WF-013,0x0000E818,0x0000E88C,0x0C0038D7,base + RVA; JAL requires R_MIPS_26 relocation,0x09148518,PASS,0x0000E7DC,VANILLA
9,Inside Clank,WF-013,0x0000E83C,0x0000E8B0,0x0C0038D7,base + RVA; JAL requires R_MIPS_26 relocation,0x0914853C,PASS,0x0000E7DC,VANILLA
9,Inside Clank,WF-014,0x00027E64,0x00027ED8,0x0C0038D7,base + RVA; JAL requires R_MIPS_26 relocation,0x09161B64,PASS,0x00027D78,VANILLA
9,Inside Clank,WF-014,0x00027E88,0x00027EFC,0x0C0038D7,base + RVA; JAL requires R_MIPS_26 relocation,0x09161B88,PASS,0x00027D78,VANILLA
9,Inside Clank,WF-014,0x00027EAC,0x00027F20,0x0C0038D7,base + RVA; JAL requires R_MIPS_26 relocation,0x09161BAC,PASS,0x00027D78,VANILLA
9,Inside Clank,WF-002,0x00046C80,0x00046CF4,0x0C0038D7,base + RVA; JAL requires R_MIPS_26 relocation,0x09180980,PASS,0x00046A20,VANILLA
9,Inside Clank,WF-001,0x0004735C,0x000473D0,0x0C0038D7,base + RVA; JAL requires R_MIPS_26 relocation,0x0918105C,PASS,0x00046DB8,VANILLA
9,Inside Clank,WF-001,0x00047390,0x00047404,0x0C0038D7,base + RVA; JAL requires R_MIPS_26 relocation,0x09181090,PASS,0x00046DB8,VANILLA
9,Inside Clank,WF-001,0x0004750C,0x00047580,0x0C0038D7,base + RVA; JAL requires R_MIPS_26 relocation,0x0918120C,PASS,0x00046DB8,VANILLA
9,Inside Clank,WF-003,0x0004B634,0x0004B6A8,0x0C0038D7,base + RVA; JAL requires R_MIPS_26 relocation,0x09185334,PASS,0x0004AD58,VANILLA
9,Inside Clank,WF-004,0x000531A8,0x0005321C,0x0C0038D7,base + RVA; JAL requires R_MIPS_26 relocation,0x0918CEA8,PASS,0x00053148,VANILLA
9,Inside Clank,WF-008,0x00104D08,0x00104D7C,0x0C0038D7,base + RVA; JAL requires R_MIPS_26 relocation,0x0923EA08,PASS,0x00104CA0,VANILLA
9,Inside Clank,WF-008,0x00104D28,0x00104D9C,0x0C0038D7,base + RVA; JAL requires R_MIPS_26 relocation,0x0923EA28,PASS,0x00104CA0,VANILLA
9,Inside Clank,WF-009,0x00104F88,0x00104FFC,0x0C0038D7,base + RVA; JAL requires R_MIPS_26 relocation,0x0923EC88,PASS,0x00104EBC,VANILLA
9,Inside Clank,WF-009,0x00104FA8,0x0010501C,0x0C0038D7,base + RVA; JAL requires R_MIPS_26 relocation,0x0923ECA8,PASS,0x00104EBC,VANILLA
9,Inside Clank,WF-007,0x001051D8,0x0010524C,0x0C0038D7,base + RVA; JAL requires R_MIPS_26 relocation,0x0923EED8,PASS,0x00105184,VANILLA
9,Inside Clank,WF-007,0x00105258,0x001052CC,0x0C0038D7,base + RVA; JAL requires R_MIPS_26 relocation,0x0923EF58,PASS,0x00105184,VANILLA
9,Inside Clank,WF-007,0x00105280,0x001052F4,0x0C0038D7,base + RVA; JAL requires R_MIPS_26 relocation,0x0923EF80,PASS,0x00105184,VANILLA
9,Inside Clank,WF-010,0x00107C64,0x00107CD8,0x0C0038D7,base + RVA; JAL requires R_MIPS_26 relocation,0x09241964,PASS,0x00107B50,VANILLA
9,Inside Clank,WF-010,0x00107D24,0x00107D98,0x0C0038D7,base + RVA; JAL requires R_MIPS_26 relocation,0x09241A24,PASS,0x00107B50,VANILLA
9,Inside Clank,WF-016,0x00139820,0x00139894,0x0C0038D7,base + RVA; JAL requires R_MIPS_26 relocation,0x09273520,PASS,0x00139510,VANILLA
9,Inside Clank,WF-016,0x00139AC4,0x00139B38,0x0C0038D7,base + RVA; JAL requires R_MIPS_26 relocation,0x092737C4,PASS,0x00139510,VANILLA
9,Inside Clank,WF-006,0x00155FB8,0x0015602C,0x0C0038D7,base + RVA; JAL requires R_MIPS_26 relocation,0x0928FCB8,PASS,0x00155F5C,VANILLA
9,Inside Clank,WF-012,0x001799B4,0x00179A28,0x0C0038D7,base + RVA; JAL requires R_MIPS_26 relocation,0x092B36B4,PASS,0x001798FC,VANILLA
9,Inside Clank,WF-011,0x0017A0A0,0x0017A114,0x0C0038D7,base + RVA; JAL requires R_MIPS_26 relocation,0x092B3DA0,PASS,0x0017A050,VANILLA
9,Inside Clank,WF-011,0x0017A0BC,0x0017A130,0x0C0038D7,base + RVA; JAL requires R_MIPS_26 relocation,0x092B3DBC,PASS,0x0017A050,VANILLA
10,Quodrona,WF-005,0x0000E324,0x0000E398,0x0C003836,base + RVA; JAL requires R_MIPS_26 relocation,0x09148024,PASS,0x0000E2F0,VANILLA
10,Quodrona,WF-005,0x0000E340,0x0000E3B4,0x0C003836,base + RVA; JAL requires R_MIPS_26 relocation,0x09148040,PASS,0x0000E2F0,VANILLA
10,Quodrona,WF-005,0x0000E35C,0x0000E3D0,0x0C003836,base + RVA; JAL requires R_MIPS_26 relocation,0x0914805C,PASS,0x0000E2F0,VANILLA
10,Quodrona,WF-018,0x0000E3B4,0x0000E428,0x0C003836,base + RVA; JAL requires R_MIPS_26 relocation,0x091480B4,PASS,0x0000E380,VANILLA
10,Quodrona,WF-018,0x0000E3D0,0x0000E444,0x0C003836,base + RVA; JAL requires R_MIPS_26 relocation,0x091480D0,PASS,0x0000E380,VANILLA
10,Quodrona,WF-013,0x0000E614,0x0000E688,0x0C003836,base + RVA; JAL requires R_MIPS_26 relocation,0x09148314,PASS,0x0000E5D8,VANILLA
10,Quodrona,WF-013,0x0000E638,0x0000E6AC,0x0C003836,base + RVA; JAL requires R_MIPS_26 relocation,0x09148338,PASS,0x0000E5D8,VANILLA
10,Quodrona,WF-014,0x00028FC4,0x00029038,0x0C003836,base + RVA; JAL requires R_MIPS_26 relocation,0x09162CC4,PASS,0x00028ED8,VANILLA
10,Quodrona,WF-014,0x00028FE8,0x0002905C,0x0C003836,base + RVA; JAL requires R_MIPS_26 relocation,0x09162CE8,PASS,0x00028ED8,VANILLA
10,Quodrona,WF-014,0x0002900C,0x00029080,0x0C003836,base + RVA; JAL requires R_MIPS_26 relocation,0x09162D0C,PASS,0x00028ED8,VANILLA
10,Quodrona,WF-021,0x00029528,0x0002959C,0x0C003836,base + RVA; JAL requires R_MIPS_26 relocation,0x09163228,PASS,0x000294EC,VANILLA
10,Quodrona,WF-059,0x0002AB7C,0x0002ABF0,0x0C003836,base + RVA; JAL requires R_MIPS_26 relocation,0x0916487C,PASS,0x0002AA28,VANILLA
10,Quodrona,WF-002,0x00048CE8,0x00048D5C,0x0C003836,base + RVA; JAL requires R_MIPS_26 relocation,0x091829E8,PASS,0x00048A88,VANILLA
10,Quodrona,WF-001,0x000493C4,0x00049438,0x0C003836,base + RVA; JAL requires R_MIPS_26 relocation,0x091830C4,PASS,0x00048E20,VANILLA
10,Quodrona,WF-001,0x000493F8,0x0004946C,0x0C003836,base + RVA; JAL requires R_MIPS_26 relocation,0x091830F8,PASS,0x00048E20,VANILLA
10,Quodrona,WF-001,0x00049574,0x000495E8,0x0C003836,base + RVA; JAL requires R_MIPS_26 relocation,0x09183274,PASS,0x00048E20,VANILLA
10,Quodrona,WF-003,0x0004D69C,0x0004D710,0x0C003836,base + RVA; JAL requires R_MIPS_26 relocation,0x0918739C,PASS,0x0004CDC0,VANILLA
10,Quodrona,WF-004,0x00055278,0x000552EC,0x0C003836,base + RVA; JAL requires R_MIPS_26 relocation,0x0918EF78,PASS,0x00055218,VANILLA
10,Quodrona,WF-008,0x00109278,0x001092EC,0x0C003836,base + RVA; JAL requires R_MIPS_26 relocation,0x09242F78,PASS,0x00109210,VANILLA
10,Quodrona,WF-008,0x00109298,0x0010930C,0x0C003836,base + RVA; JAL requires R_MIPS_26 relocation,0x09242F98,PASS,0x00109210,VANILLA
10,Quodrona,WF-009,0x001094F8,0x0010956C,0x0C003836,base + RVA; JAL requires R_MIPS_26 relocation,0x092431F8,PASS,0x0010942C,VANILLA
10,Quodrona,WF-009,0x00109518,0x0010958C,0x0C003836,base + RVA; JAL requires R_MIPS_26 relocation,0x09243218,PASS,0x0010942C,VANILLA
10,Quodrona,WF-007,0x00109748,0x001097BC,0x0C003836,base + RVA; JAL requires R_MIPS_26 relocation,0x09243448,PASS,0x001096F4,VANILLA
10,Quodrona,WF-007,0x001097C8,0x0010983C,0x0C003836,base + RVA; JAL requires R_MIPS_26 relocation,0x092434C8,PASS,0x001096F4,VANILLA
10,Quodrona,WF-007,0x001097F0,0x00109864,0x0C003836,base + RVA; JAL requires R_MIPS_26 relocation,0x092434F0,PASS,0x001096F4,VANILLA
10,Quodrona,WF-010,0x0010C1D4,0x0010C248,0x0C003836,base + RVA; JAL requires R_MIPS_26 relocation,0x09245ED4,PASS,0x0010C0C0,VANILLA
10,Quodrona,WF-010,0x0010C294,0x0010C308,0x0C003836,base + RVA; JAL requires R_MIPS_26 relocation,0x09245F94,PASS,0x0010C0C0,VANILLA
10,Quodrona,WF-016,0x00145E98,0x00145F0C,0x0C003836,base + RVA; JAL requires R_MIPS_26 relocation,0x0927FB98,PASS,0x00145B88,VANILLA
10,Quodrona,WF-016,0x0014613C,0x001461B0,0x0C003836,base + RVA; JAL requires R_MIPS_26 relocation,0x0927FE3C,PASS,0x00145B88,VANILLA
10,Quodrona,WF-006,0x001671A0,0x00167214,0x0C003836,base + RVA; JAL requires R_MIPS_26 relocation,0x092A0EA0,PASS,0x00167144,VANILLA
10,Quodrona,WF-019,0x0018A680,0x0018A6F4,0x0C003836,base + RVA; JAL requires R_MIPS_26 relocation,0x092C4380,PASS,0x0018A570,VANILLA
10,Quodrona,WF-019,0x0018A900,0x0018A974,0x0C003836,base + RVA; JAL requires R_MIPS_26 relocation,0x092C4600,PASS,0x0018A570,VANILLA
10,Quodrona,WF-012,0x00193C70,0x00193CE4,0x0C003836,base + RVA; JAL requires R_MIPS_26 relocation,0x092CD970,PASS,0x00193BB8,VANILLA
10,Quodrona,WF-011,0x0019435C,0x001943D0,0x0C003836,base + RVA; JAL requires R_MIPS_26 relocation,0x092CE05C,PASS,0x0019430C,VANILLA
10,Quodrona,WF-011,0x00194378,0x001943EC,0x0C003836,base + RVA; JAL requires R_MIPS_26 relocation,0x092CE078,PASS,0x0019430C,VANILLA
15,Giant Clank — niveau 4,WF-002,0x0003C82C,0x0003C8A0,0x0C00363A,base + RVA; JAL requires R_MIPS_26 relocation,0x0917652C,PASS,0x0003C5CC,VANILLA
15,Giant Clank — niveau 4,WF-001,0x0003CF08,0x0003CF7C,0x0C00363A,base + RVA; JAL requires R_MIPS_26 relocation,0x09176C08,PASS,0x0003C964,VANILLA
15,Giant Clank — niveau 4,WF-001,0x0003CF3C,0x0003CFB0,0x0C00363A,base + RVA; JAL requires R_MIPS_26 relocation,0x09176C3C,PASS,0x0003C964,VANILLA
15,Giant Clank — niveau 4,WF-001,0x0003D0B8,0x0003D12C,0x0C00363A,base + RVA; JAL requires R_MIPS_26 relocation,0x09176DB8,PASS,0x0003C964,VANILLA
15,Giant Clank — niveau 4,WF-003,0x00040D58,0x00040DCC,0x0C00363A,base + RVA; JAL requires R_MIPS_26 relocation,0x0917AA58,PASS,0x0004047C,VANILLA
15,Giant Clank — niveau 4,WF-004,0x0004881C,0x00048890,0x0C00363A,base + RVA; JAL requires R_MIPS_26 relocation,0x0918251C,PASS,0x000487BC,VANILLA
21,Giant Clank — niveau 7,WF-002,0x0003C82C,0x0003C8A0,0x0C00363A,base + RVA; JAL requires R_MIPS_26 relocation,0x0917652C,PASS,0x0003C5CC,VANILLA
21,Giant Clank — niveau 7,WF-001,0x0003CF08,0x0003CF7C,0x0C00363A,base + RVA; JAL requires R_MIPS_26 relocation,0x09176C08,PASS,0x0003C964,VANILLA
21,Giant Clank — niveau 7,WF-001,0x0003CF3C,0x0003CFB0,0x0C00363A,base + RVA; JAL requires R_MIPS_26 relocation,0x09176C3C,PASS,0x0003C964,VANILLA
21,Giant Clank — niveau 7,WF-001,0x0003D0B8,0x0003D12C,0x0C00363A,base + RVA; JAL requires R_MIPS_26 relocation,0x09176DB8,PASS,0x0003C964,VANILLA
21,Giant Clank — niveau 7,WF-003,0x00040D58,0x00040DCC,0x0C00363A,base + RVA; JAL requires R_MIPS_26 relocation,0x0917AA58,PASS,0x0004047C,VANILLA
21,Giant Clank — niveau 7,WF-004,0x0004881C,0x00048890,0x0C00363A,base + RVA; JAL requires R_MIPS_26 relocation,0x0918251C,PASS,0x000487BC,VANILLA
22,Airboard — niveau 3,WF-005,0x0000DDDC,0x0000DE50,0x0C0036E4,base + RVA; JAL requires R_MIPS_26 relocation,0x09147ADC,PASS,0x0000DDA8,VANILLA
22,Airboard — niveau 3,WF-005,0x0000DDF8,0x0000DE6C,0x0C0036E4,base + RVA; JAL requires R_MIPS_26 relocation,0x09147AF8,PASS,0x0000DDA8,VANILLA
22,Airboard — niveau 3,WF-005,0x0000DE14,0x0000DE88,0x0C0036E4,base + RVA; JAL requires R_MIPS_26 relocation,0x09147B14,PASS,0x0000DDA8,VANILLA
22,Airboard — niveau 3,WF-002,0x000406B0,0x00040724,0x0C0036E4,base + RVA; JAL requires R_MIPS_26 relocation,0x0917A3B0,PASS,0x00040450,VANILLA
22,Airboard — niveau 3,WF-001,0x00040D8C,0x00040E00,0x0C0036E4,base + RVA; JAL requires R_MIPS_26 relocation,0x0917AA8C,PASS,0x000407E8,VANILLA
22,Airboard — niveau 3,WF-001,0x00040DC0,0x00040E34,0x0C0036E4,base + RVA; JAL requires R_MIPS_26 relocation,0x0917AAC0,PASS,0x000407E8,VANILLA
22,Airboard — niveau 3,WF-001,0x00040F3C,0x00040FB0,0x0C0036E4,base + RVA; JAL requires R_MIPS_26 relocation,0x0917AC3C,PASS,0x000407E8,VANILLA
22,Airboard — niveau 3,WF-003,0x00044BDC,0x00044C50,0x0C0036E4,base + RVA; JAL requires R_MIPS_26 relocation,0x0917E8DC,PASS,0x00044300,VANILLA
22,Airboard — niveau 3,WF-004,0x0004CAB8,0x0004CB2C,0x0C0036E4,base + RVA; JAL requires R_MIPS_26 relocation,0x091867B8,PASS,0x0004CA58,VANILLA
22,Airboard — niveau 3,WF-006,0x00104670,0x001046E4,0x0C0036E4,base + RVA; JAL requires R_MIPS_26 relocation,0x0923E370,PASS,0x00104614,VANILLA
22,Airboard — niveau 3,WF-024,0x00109274,0x001092E8,0x0C0036E4,base + RVA; JAL requires R_MIPS_26 relocation,0x09242F74,PASS,0x00108F50,VANILLA
23,Airboard — niveau 6,WF-005,0x0000E420,0x0000E494,0x0C003875,base + RVA; JAL requires R_MIPS_26 relocation,0x09148120,PASS,0x0000E3EC,VANILLA
23,Airboard — niveau 6,WF-005,0x0000E43C,0x0000E4B0,0x0C003875,base + RVA; JAL requires R_MIPS_26 relocation,0x0914813C,PASS,0x0000E3EC,VANILLA
23,Airboard — niveau 6,WF-005,0x0000E458,0x0000E4CC,0x0C003875,base + RVA; JAL requires R_MIPS_26 relocation,0x09148158,PASS,0x0000E3EC,VANILLA
23,Airboard — niveau 6,WF-015,0x00010058,0x000100CC,0x0C003875,base + RVA; JAL requires R_MIPS_26 relocation,0x09149D58,PASS,0x0000FDBC,VANILLA
23,Airboard — niveau 6,WF-002,0x000438F4,0x00043968,0x0C003875,base + RVA; JAL requires R_MIPS_26 relocation,0x0917D5F4,PASS,0x00043694,VANILLA
23,Airboard — niveau 6,WF-001,0x00043FD0,0x00044044,0x0C003875,base + RVA; JAL requires R_MIPS_26 relocation,0x0917DCD0,PASS,0x00043A2C,VANILLA
23,Airboard — niveau 6,WF-001,0x00044004,0x00044078,0x0C003875,base + RVA; JAL requires R_MIPS_26 relocation,0x0917DD04,PASS,0x00043A2C,VANILLA
23,Airboard — niveau 6,WF-001,0x00044180,0x000441F4,0x0C003875,base + RVA; JAL requires R_MIPS_26 relocation,0x0917DE80,PASS,0x00043A2C,VANILLA
23,Airboard — niveau 6,WF-003,0x00047E20,0x00047E94,0x0C003875,base + RVA; JAL requires R_MIPS_26 relocation,0x09181B20,PASS,0x00047544,VANILLA
23,Airboard — niveau 6,WF-004,0x0004FD94,0x0004FE08,0x0C003875,base + RVA; JAL requires R_MIPS_26 relocation,0x09189A94,PASS,0x0004FD34,VANILLA
23,Airboard — niveau 6,WF-008,0x000FEC88,0x000FECFC,0x0C003875,base + RVA; JAL requires R_MIPS_26 relocation,0x09238988,PASS,0x000FEC20,VANILLA
23,Airboard — niveau 6,WF-008,0x000FECA8,0x000FED1C,0x0C003875,base + RVA; JAL requires R_MIPS_26 relocation,0x092389A8,PASS,0x000FEC20,VANILLA
23,Airboard — niveau 6,WF-009,0x000FEF08,0x000FEF7C,0x0C003875,base + RVA; JAL requires R_MIPS_26 relocation,0x09238C08,PASS,0x000FEE3C,VANILLA
23,Airboard — niveau 6,WF-009,0x000FEF28,0x000FEF9C,0x0C003875,base + RVA; JAL requires R_MIPS_26 relocation,0x09238C28,PASS,0x000FEE3C,VANILLA
23,Airboard — niveau 6,WF-007,0x000FF158,0x000FF1CC,0x0C003875,base + RVA; JAL requires R_MIPS_26 relocation,0x09238E58,PASS,0x000FF104,VANILLA
23,Airboard — niveau 6,WF-007,0x000FF1D8,0x000FF24C,0x0C003875,base + RVA; JAL requires R_MIPS_26 relocation,0x09238ED8,PASS,0x000FF104,VANILLA
23,Airboard — niveau 6,WF-007,0x000FF200,0x000FF274,0x0C003875,base + RVA; JAL requires R_MIPS_26 relocation,0x09238F00,PASS,0x000FF104,VANILLA
23,Airboard — niveau 6,WF-010,0x00101BE4,0x00101C58,0x0C003875,base + RVA; JAL requires R_MIPS_26 relocation,0x0923B8E4,PASS,0x00101AD0,VANILLA
23,Airboard — niveau 6,WF-010,0x00101CA4,0x00101D18,0x0C003875,base + RVA; JAL requires R_MIPS_26 relocation,0x0923B9A4,PASS,0x00101AD0,VANILLA
23,Airboard — niveau 6,WF-006,0x00144BA8,0x00144C1C,0x0C003875,base + RVA; JAL requires R_MIPS_26 relocation,0x0927E8A8,PASS,0x00144B4C,VANILLA
23,Airboard — niveau 6,WF-024,0x00156D8C,0x00156E00,0x0C003875,base + RVA; JAL requires R_MIPS_26 relocation,0x09290A8C,PASS,0x00156A68,VANILLA
23,Airboard — niveau 6,WF-012,0x00164BAC,0x00164C20,0x0C003875,base + RVA; JAL requires R_MIPS_26 relocation,0x0929E8AC,PASS,0x00164AF4,VANILLA
23,Airboard — niveau 6,WF-011,0x00165298,0x0016530C,0x0C003875,base + RVA; JAL requires R_MIPS_26 relocation,0x0929EF98,PASS,0x00165248,VANILLA
23,Airboard — niveau 6,WF-011,0x001652B4,0x00165328,0x0C003875,base + RVA; JAL requires R_MIPS_26 relocation,0x0929EFB4,PASS,0x00165248,VANILLA
24,HIG Treehouse,WF-005,0x0000E040,0x0000E0B4,0x0C00379D,base + RVA; JAL requires R_MIPS_26 relocation,0x09147D40,PASS,0x0000E00C,VANILLA
24,HIG Treehouse,WF-005,0x0000E05C,0x0000E0D0,0x0C00379D,base + RVA; JAL requires R_MIPS_26 relocation,0x09147D5C,PASS,0x0000E00C,VANILLA
24,HIG Treehouse,WF-005,0x0000E078,0x0000E0EC,0x0C00379D,base + RVA; JAL requires R_MIPS_26 relocation,0x09147D78,PASS,0x0000E00C,VANILLA
24,HIG Treehouse,WF-015,0x0000FF6C,0x0000FFE0,0x0C00379D,base + RVA; JAL requires R_MIPS_26 relocation,0x09149C6C,PASS,0x0000FCD0,VANILLA
24,HIG Treehouse,WF-002,0x00043700,0x00043774,0x0C00379D,base + RVA; JAL requires R_MIPS_26 relocation,0x0917D400,PASS,0x000434A0,VANILLA
24,HIG Treehouse,WF-001,0x00043DDC,0x00043E50,0x0C00379D,base + RVA; JAL requires R_MIPS_26 relocation,0x0917DADC,PASS,0x00043838,VANILLA
24,HIG Treehouse,WF-001,0x00043E10,0x00043E84,0x0C00379D,base + RVA; JAL requires R_MIPS_26 relocation,0x0917DB10,PASS,0x00043838,VANILLA
24,HIG Treehouse,WF-001,0x00043F8C,0x00044000,0x0C00379D,base + RVA; JAL requires R_MIPS_26 relocation,0x0917DC8C,PASS,0x00043838,VANILLA
24,HIG Treehouse,WF-003,0x000480B4,0x00048128,0x0C00379D,base + RVA; JAL requires R_MIPS_26 relocation,0x09181DB4,PASS,0x000477D8,VANILLA
24,HIG Treehouse,WF-004,0x0004FC28,0x0004FC9C,0x0C00379D,base + RVA; JAL requires R_MIPS_26 relocation,0x09189928,PASS,0x0004FBC8,VANILLA
24,HIG Treehouse,WF-008,0x00101574,0x001015E8,0x0C00379D,base + RVA; JAL requires R_MIPS_26 relocation,0x0923B274,PASS,0x0010150C,VANILLA
24,HIG Treehouse,WF-008,0x00101594,0x00101608,0x0C00379D,base + RVA; JAL requires R_MIPS_26 relocation,0x0923B294,PASS,0x0010150C,VANILLA
24,HIG Treehouse,WF-009,0x001017F4,0x00101868,0x0C00379D,base + RVA; JAL requires R_MIPS_26 relocation,0x0923B4F4,PASS,0x00101728,VANILLA
24,HIG Treehouse,WF-009,0x00101814,0x00101888,0x0C00379D,base + RVA; JAL requires R_MIPS_26 relocation,0x0923B514,PASS,0x00101728,VANILLA
24,HIG Treehouse,WF-007,0x00101A44,0x00101AB8,0x0C00379D,base + RVA; JAL requires R_MIPS_26 relocation,0x0923B744,PASS,0x001019F0,VANILLA
24,HIG Treehouse,WF-007,0x00101AC4,0x00101B38,0x0C00379D,base + RVA; JAL requires R_MIPS_26 relocation,0x0923B7C4,PASS,0x001019F0,VANILLA
24,HIG Treehouse,WF-007,0x00101AEC,0x00101B60,0x0C00379D,base + RVA; JAL requires R_MIPS_26 relocation,0x0923B7EC,PASS,0x001019F0,VANILLA
24,HIG Treehouse,WF-010,0x001044D0,0x00104544,0x0C00379D,base + RVA; JAL requires R_MIPS_26 relocation,0x0923E1D0,PASS,0x001043BC,VANILLA
24,HIG Treehouse,WF-010,0x00104590,0x00104604,0x0C00379D,base + RVA; JAL requires R_MIPS_26 relocation,0x0923E290,PASS,0x001043BC,VANILLA
24,HIG Treehouse,WF-006,0x0014313C,0x001431B0,0x0C00379D,base + RVA; JAL requires R_MIPS_26 relocation,0x0927CE3C,PASS,0x001430E0,VANILLA
24,HIG Treehouse,WF-012,0x00162850,0x001628C4,0x0C00379D,base + RVA; JAL requires R_MIPS_26 relocation,0x0929C550,PASS,0x00162798,VANILLA
24,HIG Treehouse,WF-011,0x00162F3C,0x00162FB0,0x0C00379D,base + RVA; JAL requires R_MIPS_26 relocation,0x0929CC3C,PASS,0x00162EEC,VANILLA
24,HIG Treehouse,WF-011,0x00162F58,0x00162FCC,0x0C00379D,base + RVA; JAL requires R_MIPS_26 relocation,0x0929CC58,PASS,0x00162EEC,VANILLA
