module_index,module_key,level,mips_ra_runtime,callsite_runtime,owner_runtime,family_id,default_policy,note
1,LEVEL_01,Pokitaru,0x09148230,0x09148228,0x091481F4,WF-005,VANILLA,$ra = adresse du jal + 8 sur MIPS avec delay slot
1,LEVEL_01,Pokitaru,0x0914824C,0x09148244,0x091481F4,WF-005,VANILLA,$ra = adresse du jal + 8 sur MIPS avec delay slot
1,LEVEL_01,Pokitaru,0x09148268,0x09148260,0x091481F4,WF-005,VANILLA,$ra = adresse du jal + 8 sur MIPS avec delay slot
1,LEVEL_01,Pokitaru,0x091484AC,0x091484A4,0x09148468,WF-013,VANILLA,$ra = adresse du jal + 8 sur MIPS avec delay slot
1,LEVEL_01,Pokitaru,0x091484D0,0x091484C8,0x09148468,WF-013,VANILLA,$ra = adresse du jal + 8 sur MIPS avec delay slot
1,LEVEL_01,Pokitaru,0x0914AAE8,0x0914AAE0,0x0914A844,WF-015,VANILLA,$ra = adresse du jal + 8 sur MIPS avec delay slot
1,LEVEL_01,Pokitaru,0x09162C90,0x09162C88,0x09162B9C,WF-014,VANILLA,$ra = adresse du jal + 8 sur MIPS avec delay slot
1,LEVEL_01,Pokitaru,0x09162CB4,0x09162CAC,0x09162B9C,WF-014,VANILLA,$ra = adresse du jal + 8 sur MIPS avec delay slot
1,LEVEL_01,Pokitaru,0x09162CD8,0x09162CD0,0x09162B9C,WF-014,VANILLA,$ra = adresse du jal + 8 sur MIPS avec delay slot
1,LEVEL_01,Pokitaru,0x091632F8,0x091632F0,0x091632B4,WF-021,VANILLA,$ra = adresse du jal + 8 sur MIPS avec delay slot
1,LEVEL_01,Pokitaru,0x09165C28,0x09165C20,0x09165B30,WF-017,VANILLA,$ra = adresse du jal + 8 sur MIPS avec delay slot
1,LEVEL_01,Pokitaru,0x09165C4C,0x09165C44,0x09165B30,WF-017,VANILLA,$ra = adresse du jal + 8 sur MIPS avec delay slot
1,LEVEL_01,Pokitaru,0x09165C70,0x09165C68,0x09165B30,WF-017,VANILLA,$ra = adresse du jal + 8 sur MIPS avec delay slot
1,LEVEL_01,Pokitaru,0x091840C0,0x091840B8,0x09183E58,WF-002,VANILLA,$ra = adresse du jal + 8 sur MIPS avec delay slot
1,LEVEL_01,Pokitaru,0x0918479C,0x09184794,0x091841F0,WF-001,VANILLA,$ra = adresse du jal + 8 sur MIPS avec delay slot
1,LEVEL_01,Pokitaru,0x091847D0,0x091847C8,0x091841F0,WF-001,VANILLA,$ra = adresse du jal + 8 sur MIPS avec delay slot
1,LEVEL_01,Pokitaru,0x0918494C,0x09184944,0x091841F0,WF-001,VANILLA,$ra = adresse du jal + 8 sur MIPS avec delay slot
1,LEVEL_01,Pokitaru,0x091885EC,0x091885E4,0x09187D08,WF-003,VANILLA,$ra = adresse du jal + 8 sur MIPS avec delay slot
1,LEVEL_01,Pokitaru,0x091900B0,0x091900A8,0x09190048,WF-004,VANILLA,$ra = adresse du jal + 8 sur MIPS avec delay slot
1,LEVEL_01,Pokitaru,0x09244D24,0x09244D1C,0x09244CB4,WF-008,VANILLA,$ra = adresse du jal + 8 sur MIPS avec delay slot
1,LEVEL_01,Pokitaru,0x09244D44,0x09244D3C,0x09244CB4,WF-008,VANILLA,$ra = adresse du jal + 8 sur MIPS avec delay slot
1,LEVEL_01,Pokitaru,0x09244FA4,0x09244F9C,0x09244ED0,WF-009,VANILLA,$ra = adresse du jal + 8 sur MIPS avec delay slot
1,LEVEL_01,Pokitaru,0x09244FC4,0x09244FBC,0x09244ED0,WF-009,VANILLA,$ra = adresse du jal + 8 sur MIPS avec delay slot
1,LEVEL_01,Pokitaru,0x092451F4,0x092451EC,0x09245198,WF-007,VANILLA,$ra = adresse du jal + 8 sur MIPS avec delay slot
1,LEVEL_01,Pokitaru,0x09245274,0x0924526C,0x09245198,WF-007,VANILLA,$ra = adresse du jal + 8 sur MIPS avec delay slot
1,LEVEL_01,Pokitaru,0x0924529C,0x09245294,0x09245198,WF-007,VANILLA,$ra = adresse du jal + 8 sur MIPS avec delay slot
1,LEVEL_01,Pokitaru,0x09247C80,0x09247C78,0x09247B64,WF-010,VANILLA,$ra = adresse du jal + 8 sur MIPS avec delay slot
1,LEVEL_01,Pokitaru,0x09247D40,0x09247D38,0x09247B64,WF-010,VANILLA,$ra = adresse du jal + 8 sur MIPS avec delay slot
1,LEVEL_01,Pokitaru,0x0925C84C,0x0925C844,0x0925C520,WF-051,VANILLA,$ra = adresse du jal + 8 sur MIPS avec delay slot
1,LEVEL_01,Pokitaru,0x09262A3C,0x09262A34,0x09262920,WF-031,VANILLA,$ra = adresse du jal + 8 sur MIPS avec delay slot
1,LEVEL_01,Pokitaru,0x0926869C,0x09268694,0x09268650,WF-047,VANILLA,$ra = adresse du jal + 8 sur MIPS avec delay slot
1,LEVEL_01,Pokitaru,0x0926876C,0x09268764,0x092686F4,WF-033,VANILLA,$ra = adresse du jal + 8 sur MIPS avec delay slot
1,LEVEL_01,Pokitaru,0x09268788,0x09268780,0x092686F4,WF-033,VANILLA,$ra = adresse du jal + 8 sur MIPS avec delay slot
1,LEVEL_01,Pokitaru,0x092687A4,0x0926879C,0x092686F4,WF-033,VANILLA,$ra = adresse du jal + 8 sur MIPS avec delay slot
1,LEVEL_01,Pokitaru,0x09268914,0x0926890C,0x092686F4,WF-033,VANILLA,$ra = adresse du jal + 8 sur MIPS avec delay slot
1,LEVEL_01,Pokitaru,0x09268938,0x09268930,0x092686F4,WF-033,VANILLA,$ra = adresse du jal + 8 sur MIPS avec delay slot
1,LEVEL_01,Pokitaru,0x09268954,0x0926894C,0x092686F4,WF-033,VANILLA,$ra = adresse du jal + 8 sur MIPS avec delay slot
1,LEVEL_01,Pokitaru,0x0927E004,0x0927DFFC,0x0927DCEC,WF-016,VANILLA,$ra = adresse du jal + 8 sur MIPS avec delay slot
1,LEVEL_01,Pokitaru,0x0927E2A8,0x0927E2A0,0x0927DCEC,WF-016,VANILLA,$ra = adresse du jal + 8 sur MIPS avec delay slot
1,LEVEL_01,Pokitaru,0x09288C30,0x09288C28,0x09288868,WF-036,VANILLA,$ra = adresse du jal + 8 sur MIPS avec delay slot
1,LEVEL_01,Pokitaru,0x092892CC,0x092892C4,0x09288868,WF-036,VANILLA,$ra = adresse du jal + 8 sur MIPS avec delay slot
1,LEVEL_01,Pokitaru,0x09289670,0x09289668,0x09288868,WF-036,VANILLA,$ra = adresse du jal + 8 sur MIPS avec delay slot
1,LEVEL_01,Pokitaru,0x0928A5D0,0x0928A5C8,0x0928A53C,WF-046,VANILLA,$ra = adresse du jal + 8 sur MIPS avec delay slot
1,LEVEL_01,Pokitaru,0x092998CC,0x092998C4,0x09299868,WF-006,VANILLA,$ra = adresse du jal + 8 sur MIPS avec delay slot
1,LEVEL_01,Pokitaru,0x092A5644,0x092A563C,0x092A5530,WF-027,VANILLA,$ra = adresse du jal + 8 sur MIPS avec delay slot
1,LEVEL_01,Pokitaru,0x092A5660,0x092A5658,0x092A5530,WF-027,VANILLA,$ra = adresse du jal + 8 sur MIPS avec delay slot
1,LEVEL_01,Pokitaru,0x092A5948,0x092A5940,0x092A5530,WF-027,VANILLA,$ra = adresse du jal + 8 sur MIPS avec delay slot
1,LEVEL_01,Pokitaru,0x092A596C,0x092A5964,0x092A5530,WF-027,VANILLA,$ra = adresse du jal + 8 sur MIPS avec delay slot
1,LEVEL_01,Pokitaru,0x092A5A38,0x092A5A30,0x092A5530,WF-027,VANILLA,$ra = adresse du jal + 8 sur MIPS avec delay slot
1,LEVEL_01,Pokitaru,0x092B79B4,0x092B79AC,0x092B719C,WF-030,VANILLA,$ra = adresse du jal + 8 sur MIPS avec delay slot
1,LEVEL_01,Pokitaru,0x092C142C,0x092C1424,0x092C1314,WF-019,VANILLA,$ra = adresse du jal + 8 sur MIPS avec delay slot
1,LEVEL_01,Pokitaru,0x092C16AC,0x092C16A4,0x092C1314,WF-019,VANILLA,$ra = adresse du jal + 8 sur MIPS avec delay slot
1,LEVEL_01,Pokitaru,0x092C9FB4,0x092C9FAC,0x092C9EF4,WF-012,VANILLA,$ra = adresse du jal + 8 sur MIPS avec delay slot
1,LEVEL_01,Pokitaru,0x092CA6A0,0x092CA698,0x092CA648,WF-011,VANILLA,$ra = adresse du jal + 8 sur MIPS avec delay slot
1,LEVEL_01,Pokitaru,0x092CA6BC,0x092CA6B4,0x092CA648,WF-011,VANILLA,$ra = adresse du jal + 8 sur MIPS avec delay slot
2,LEVEL_02,Ryllus,0x09148294,0x0914828C,0x09148258,WF-005,VANILLA,$ra = adresse du jal + 8 sur MIPS avec delay slot
2,LEVEL_02,Ryllus,0x091482B0,0x091482A8,0x09148258,WF-005,VANILLA,$ra = adresse du jal + 8 sur MIPS avec delay slot
2,LEVEL_02,Ryllus,0x091482CC,0x091482C4,0x09148258,WF-005,VANILLA,$ra = adresse du jal + 8 sur MIPS avec delay slot
2,LEVEL_02,Ryllus,0x09148510,0x09148508,0x091484CC,WF-013,VANILLA,$ra = adresse du jal + 8 sur MIPS avec delay slot
2,LEVEL_02,Ryllus,0x09148534,0x0914852C,0x091484CC,WF-013,VANILLA,$ra = adresse du jal + 8 sur MIPS avec delay slot
2,LEVEL_02,Ryllus,0x091486B0,0x091486A8,0x091485C8,WF-020,VANILLA,$ra = adresse du jal + 8 sur MIPS avec delay slot
2,LEVEL_02,Ryllus,0x091486D0,0x091486C8,0x091485C8,WF-020,VANILLA,$ra = adresse du jal + 8 sur MIPS avec delay slot
2,LEVEL_02,Ryllus,0x0914B084,0x0914B07C,0x0914ADE0,WF-015,VANILLA,$ra = adresse du jal + 8 sur MIPS avec delay slot
2,LEVEL_02,Ryllus,0x09163030,0x09163028,0x09162F3C,WF-014,VANILLA,$ra = adresse du jal + 8 sur MIPS avec delay slot
2,LEVEL_02,Ryllus,0x09163054,0x0916304C,0x09162F3C,WF-014,VANILLA,$ra = adresse du jal + 8 sur MIPS avec delay slot
2,LEVEL_02,Ryllus,0x09163078,0x09163070,0x09162F3C,WF-014,VANILLA,$ra = adresse du jal + 8 sur MIPS avec delay slot
2,LEVEL_02,Ryllus,0x09163594,0x0916358C,0x09163550,WF-021,VANILLA,$ra = adresse du jal + 8 sur MIPS avec delay slot
2,LEVEL_02,Ryllus,0x09165F24,0x09165F1C,0x09165E2C,WF-017,VANILLA,$ra = adresse du jal + 8 sur MIPS avec delay slot
2,LEVEL_02,Ryllus,0x09165F48,0x09165F40,0x09165E2C,WF-017,VANILLA,$ra = adresse du jal + 8 sur MIPS avec delay slot
2,LEVEL_02,Ryllus,0x09165F6C,0x09165F64,0x09165E2C,WF-017,VANILLA,$ra = adresse du jal + 8 sur MIPS avec delay slot
2,LEVEL_02,Ryllus,0x09167558,0x09167550,0x09167500,WF-022,VANILLA,$ra = adresse du jal + 8 sur MIPS avec delay slot
2,LEVEL_02,Ryllus,0x0916A3BC,0x0916A3B4,0x0916A348,WF-023,VANILLA,$ra = adresse du jal + 8 sur MIPS avec delay slot
2,LEVEL_02,Ryllus,0x0916A554,0x0916A54C,0x0916A348,WF-023,VANILLA,$ra = adresse du jal + 8 sur MIPS avec delay slot
2,LEVEL_02,Ryllus,0x09188974,0x0918896C,0x0918870C,WF-002,VANILLA,$ra = adresse du jal + 8 sur MIPS avec delay slot
2,LEVEL_02,Ryllus,0x09189050,0x09189048,0x09188AA4,WF-001,VANILLA,$ra = adresse du jal + 8 sur MIPS avec delay slot
2,LEVEL_02,Ryllus,0x09189084,0x0918907C,0x09188AA4,WF-001,VANILLA,$ra = adresse du jal + 8 sur MIPS avec delay slot
2,LEVEL_02,Ryllus,0x09189200,0x091891F8,0x09188AA4,WF-001,VANILLA,$ra = adresse du jal + 8 sur MIPS avec delay slot
2,LEVEL_02,Ryllus,0x0918CEA0,0x0918CE98,0x0918C5BC,WF-003,VANILLA,$ra = adresse du jal + 8 sur MIPS avec delay slot
2,LEVEL_02,Ryllus,0x09194AE4,0x09194ADC,0x09194A7C,WF-004,VANILLA,$ra = adresse du jal + 8 sur MIPS avec delay slot
2,LEVEL_02,Ryllus,0x0924A694,0x0924A68C,0x0924A624,WF-008,VANILLA,$ra = adresse du jal + 8 sur MIPS avec delay slot
2,LEVEL_02,Ryllus,0x0924A6B4,0x0924A6AC,0x0924A624,WF-008,VANILLA,$ra = adresse du jal + 8 sur MIPS avec delay slot
2,LEVEL_02,Ryllus,0x0924A914,0x0924A90C,0x0924A840,WF-009,VANILLA,$ra = adresse du jal + 8 sur MIPS avec delay slot
2,LEVEL_02,Ryllus,0x0924A934,0x0924A92C,0x0924A840,WF-009,VANILLA,$ra = adresse du jal + 8 sur MIPS avec delay slot
2,LEVEL_02,Ryllus,0x0924AB64,0x0924AB5C,0x0924AB08,WF-007,VANILLA,$ra = adresse du jal + 8 sur MIPS avec delay slot
2,LEVEL_02,Ryllus,0x0924ABE4,0x0924ABDC,0x0924AB08,WF-007,VANILLA,$ra = adresse du jal + 8 sur MIPS avec delay slot
2,LEVEL_02,Ryllus,0x0924AC0C,0x0924AC04,0x0924AB08,WF-007,VANILLA,$ra = adresse du jal + 8 sur MIPS avec delay slot
2,LEVEL_02,Ryllus,0x0924D5F0,0x0924D5E8,0x0924D4D4,WF-010,VANILLA,$ra = adresse du jal + 8 sur MIPS avec delay slot
2,LEVEL_02,Ryllus,0x0924D6B0,0x0924D6A8,0x0924D4D4,WF-010,VANILLA,$ra = adresse du jal + 8 sur MIPS avec delay slot
2,LEVEL_02,Ryllus,0x092632C4,0x092632BC,0x09262FF0,WF-032,VANILLA,$ra = adresse du jal + 8 sur MIPS avec delay slot
2,LEVEL_02,Ryllus,0x09263304,0x092632FC,0x09262FF0,WF-032,VANILLA,$ra = adresse du jal + 8 sur MIPS avec delay slot
2,LEVEL_02,Ryllus,0x09263320,0x09263318,0x09262FF0,WF-032,VANILLA,$ra = adresse du jal + 8 sur MIPS avec delay slot
2,LEVEL_02,Ryllus,0x0926335C,0x09263354,0x09262FF0,WF-032,VANILLA,$ra = adresse du jal + 8 sur MIPS avec delay slot
2,LEVEL_02,Ryllus,0x09263378,0x09263370,0x09262FF0,WF-032,VANILLA,$ra = adresse du jal + 8 sur MIPS avec delay slot
2,LEVEL_02,Ryllus,0x09263394,0x0926338C,0x09262FF0,WF-032,VANILLA,$ra = adresse du jal + 8 sur MIPS avec delay slot
2,LEVEL_02,Ryllus,0x0926356C,0x09263564,0x09262FF0,WF-032,VANILLA,$ra = adresse du jal + 8 sur MIPS avec delay slot
2,LEVEL_02,Ryllus,0x09263650,0x09263648,0x09262FF0,WF-032,VANILLA,$ra = adresse du jal + 8 sur MIPS avec delay slot
2,LEVEL_02,Ryllus,0x0926366C,0x09263664,0x09262FF0,WF-032,VANILLA,$ra = adresse du jal + 8 sur MIPS avec delay slot
2,LEVEL_02,Ryllus,0x09263688,0x09263680,0x09262FF0,WF-032,VANILLA,$ra = adresse du jal + 8 sur MIPS avec delay slot
2,LEVEL_02,Ryllus,0x09264A28,0x09264A20,0x092648C4,WF-026,VANILLA,$ra = adresse du jal + 8 sur MIPS avec delay slot
2,LEVEL_02,Ryllus,0x09264E24,0x09264E1C,0x09264CAC,WF-025,VANILLA,$ra = adresse du jal + 8 sur MIPS avec delay slot
2,LEVEL_02,Ryllus,0x09265594,0x0926558C,0x09265524,WF-057,VANILLA,$ra = adresse du jal + 8 sur MIPS avec delay slot
2,LEVEL_02,Ryllus,0x092755B4,0x092755AC,0x09275498,WF-031,VANILLA,$ra = adresse du jal + 8 sur MIPS avec delay slot
2,LEVEL_02,Ryllus,0x0927BA8C,0x0927BA84,0x0927BA1C,WF-043,VANILLA,$ra = adresse du jal + 8 sur MIPS avec delay slot
2,LEVEL_02,Ryllus,0x0929F4BC,0x0929F4B4,0x0929F440,WF-055,VANILLA,$ra = adresse du jal + 8 sur MIPS avec delay slot
2,LEVEL_02,Ryllus,0x0929FEB0,0x0929FEA8,0x0929FE00,WF-037,VANILLA,$ra = adresse du jal + 8 sur MIPS avec delay slot
2,LEVEL_02,Ryllus,0x092A0194,0x092A018C,0x0929FE00,WF-037,VANILLA,$ra = adresse du jal + 8 sur MIPS avec delay slot
2,LEVEL_02,Ryllus,0x092A0414,0x092A040C,0x0929FE00,WF-037,VANILLA,$ra = adresse du jal + 8 sur MIPS avec delay slot
2,LEVEL_02,Ryllus,0x092A9670,0x092A9668,0x092A9580,WF-053,VANILLA,$ra = adresse du jal + 8 sur MIPS avec delay slot
2,LEVEL_02,Ryllus,0x092AF210,0x092AF208,0x092AF1AC,WF-006,VANILLA,$ra = adresse du jal + 8 sur MIPS avec delay slot
2,LEVEL_02,Ryllus,0x092DFEB0,0x092DFEA8,0x092DFDF0,WF-012,VANILLA,$ra = adresse du jal + 8 sur MIPS avec delay slot
2,LEVEL_02,Ryllus,0x092E059C,0x092E0594,0x092E0544,WF-011,VANILLA,$ra = adresse du jal + 8 sur MIPS avec delay slot
2,LEVEL_02,Ryllus,0x092E05B8,0x092E05B0,0x092E0544,WF-011,VANILLA,$ra = adresse du jal + 8 sur MIPS avec delay slot
3,LEVEL_03,Kalidon,0x091482D4,0x091482CC,0x09148298,WF-005,VANILLA,$ra = adresse du jal + 8 sur MIPS avec delay slot
3,LEVEL_03,Kalidon,0x091482F0,0x091482E8,0x09148298,WF-005,VANILLA,$ra = adresse du jal + 8 sur MIPS avec delay slot
3,LEVEL_03,Kalidon,0x0914830C,0x09148304,0x09148298,WF-005,VANILLA,$ra = adresse du jal + 8 sur MIPS avec delay slot
3,LEVEL_03,Kalidon,0x09148550,0x09148548,0x0914850C,WF-013,VANILLA,$ra = adresse du jal + 8 sur MIPS avec delay slot
3,LEVEL_03,Kalidon,0x09148574,0x0914856C,0x0914850C,WF-013,VANILLA,$ra = adresse du jal + 8 sur MIPS avec delay slot
3,LEVEL_03,Kalidon,0x0914AACC,0x0914AAC4,0x0914A828,WF-015,VANILLA,$ra = adresse du jal + 8 sur MIPS avec delay slot
3,LEVEL_03,Kalidon,0x09162BC0,0x09162BB8,0x09162ACC,WF-014,VANILLA,$ra = adresse du jal + 8 sur MIPS avec delay slot
3,LEVEL_03,Kalidon,0x09162BE4,0x09162BDC,0x09162ACC,WF-014,VANILLA,$ra = adresse du jal + 8 sur MIPS avec delay slot
3,LEVEL_03,Kalidon,0x09162C08,0x09162C00,0x09162ACC,WF-014,VANILLA,$ra = adresse du jal + 8 sur MIPS avec delay slot
3,LEVEL_03,Kalidon,0x09182680,0x09182678,0x09182418,WF-002,VANILLA,$ra = adresse du jal + 8 sur MIPS avec delay slot
3,LEVEL_03,Kalidon,0x09182D5C,0x09182D54,0x091827B0,WF-001,VANILLA,$ra = adresse du jal + 8 sur MIPS avec delay slot
3,LEVEL_03,Kalidon,0x09182D90,0x09182D88,0x091827B0,WF-001,VANILLA,$ra = adresse du jal + 8 sur MIPS avec delay slot
3,LEVEL_03,Kalidon,0x09182F0C,0x09182F04,0x091827B0,WF-001,VANILLA,$ra = adresse du jal + 8 sur MIPS avec delay slot
3,LEVEL_03,Kalidon,0x09187034,0x0918702C,0x09186750,WF-003,VANILLA,$ra = adresse du jal + 8 sur MIPS avec delay slot
3,LEVEL_03,Kalidon,0x0918EBB4,0x0918EBAC,0x0918EB4C,WF-004,VANILLA,$ra = adresse du jal + 8 sur MIPS avec delay slot
3,LEVEL_03,Kalidon,0x092436AC,0x092436A4,0x0924363C,WF-008,VANILLA,$ra = adresse du jal + 8 sur MIPS avec delay slot
3,LEVEL_03,Kalidon,0x092436CC,0x092436C4,0x0924363C,WF-008,VANILLA,$ra = adresse du jal + 8 sur MIPS avec delay slot
3,LEVEL_03,Kalidon,0x0924392C,0x09243924,0x09243858,WF-009,VANILLA,$ra = adresse du jal + 8 sur MIPS avec delay slot
3,LEVEL_03,Kalidon,0x0924394C,0x09243944,0x09243858,WF-009,VANILLA,$ra = adresse du jal + 8 sur MIPS avec delay slot
3,LEVEL_03,Kalidon,0x09243B7C,0x09243B74,0x09243B20,WF-007,VANILLA,$ra = adresse du jal + 8 sur MIPS avec delay slot
3,LEVEL_03,Kalidon,0x09243BFC,0x09243BF4,0x09243B20,WF-007,VANILLA,$ra = adresse du jal + 8 sur MIPS avec delay slot
3,LEVEL_03,Kalidon,0x09243C24,0x09243C1C,0x09243B20,WF-007,VANILLA,$ra = adresse du jal + 8 sur MIPS avec delay slot
3,LEVEL_03,Kalidon,0x09246608,0x09246600,0x092464EC,WF-010,VANILLA,$ra = adresse du jal + 8 sur MIPS avec delay slot
3,LEVEL_03,Kalidon,0x092466C8,0x092466C0,0x092464EC,WF-010,VANILLA,$ra = adresse du jal + 8 sur MIPS avec delay slot
3,LEVEL_03,Kalidon,0x0927FEF8,0x0927FEF0,0x0927FBE0,WF-016,VANILLA,$ra = adresse du jal + 8 sur MIPS avec delay slot
3,LEVEL_03,Kalidon,0x0928019C,0x09280194,0x0927FBE0,WF-016,VANILLA,$ra = adresse du jal + 8 sur MIPS avec delay slot
3,LEVEL_03,Kalidon,0x092947F4,0x092947EC,0x09292718,WF-044,VANILLA,$ra = adresse du jal + 8 sur MIPS avec delay slot
3,LEVEL_03,Kalidon,0x092A5FDC,0x092A5FD4,0x092A4B04,WF-058,VANILLA,$ra = adresse du jal + 8 sur MIPS avec delay slot
3,LEVEL_03,Kalidon,0x092AD56C,0x092AD564,0x092AD508,WF-006,VANILLA,$ra = adresse du jal + 8 sur MIPS avec delay slot
3,LEVEL_03,Kalidon,0x092BFB68,0x092BFB60,0x092BF83C,WF-024,VANILLA,$ra = adresse du jal + 8 sur MIPS avec delay slot
3,LEVEL_03,Kalidon,0x092DB790,0x092DB788,0x092DB6D0,WF-012,VANILLA,$ra = adresse du jal + 8 sur MIPS avec delay slot
3,LEVEL_03,Kalidon,0x092DBE7C,0x092DBE74,0x092DBE24,WF-011,VANILLA,$ra = adresse du jal + 8 sur MIPS avec delay slot
3,LEVEL_03,Kalidon,0x092DBE98,0x092DBE90,0x092DBE24,WF-011,VANILLA,$ra = adresse du jal + 8 sur MIPS avec delay slot
4,LEVEL_04,Metalis,0x09148028,0x09148020,0x09147FEC,WF-005,VANILLA,$ra = adresse du jal + 8 sur MIPS avec delay slot
4,LEVEL_04,Metalis,0x09148044,0x0914803C,0x09147FEC,WF-005,VANILLA,$ra = adresse du jal + 8 sur MIPS avec delay slot
4,LEVEL_04,Metalis,0x09148060,0x09148058,0x09147FEC,WF-005,VANILLA,$ra = adresse du jal + 8 sur MIPS avec delay slot
4,LEVEL_04,Metalis,0x091482A4,0x0914829C,0x09148260,WF-013,VANILLA,$ra = adresse du jal + 8 sur MIPS avec delay slot
4,LEVEL_04,Metalis,0x091482C8,0x091482C0,0x09148260,WF-013,VANILLA,$ra = adresse du jal + 8 sur MIPS avec delay slot
4,LEVEL_04,Metalis,0x0914A928,0x0914A920,0x0914A684,WF-015,VANILLA,$ra = adresse du jal + 8 sur MIPS avec delay slot
4,LEVEL_04,Metalis,0x09162804,0x091627FC,0x09162710,WF-014,VANILLA,$ra = adresse du jal + 8 sur MIPS avec delay slot
4,LEVEL_04,Metalis,0x09162828,0x09162820,0x09162710,WF-014,VANILLA,$ra = adresse du jal + 8 sur MIPS avec delay slot
4,LEVEL_04,Metalis,0x0916284C,0x09162844,0x09162710,WF-014,VANILLA,$ra = adresse du jal + 8 sur MIPS avec delay slot
4,LEVEL_04,Metalis,0x09165654,0x0916564C,0x0916561C,WF-029,VANILLA,$ra = adresse du jal + 8 sur MIPS avec delay slot
4,LEVEL_04,Metalis,0x091677B4,0x091677AC,0x09167740,WF-023,VANILLA,$ra = adresse du jal + 8 sur MIPS avec delay slot
4,LEVEL_04,Metalis,0x0916794C,0x09167944,0x09167740,WF-023,VANILLA,$ra = adresse du jal + 8 sur MIPS avec delay slot
4,LEVEL_04,Metalis,0x091856B8,0x091856B0,0x09185450,WF-002,VANILLA,$ra = adresse du jal + 8 sur MIPS avec delay slot
4,LEVEL_04,Metalis,0x09185D94,0x09185D8C,0x091857E8,WF-001,VANILLA,$ra = adresse du jal + 8 sur MIPS avec delay slot
4,LEVEL_04,Metalis,0x09185DC8,0x09185DC0,0x091857E8,WF-001,VANILLA,$ra = adresse du jal + 8 sur MIPS avec delay slot
4,LEVEL_04,Metalis,0x09185F44,0x09185F3C,0x091857E8,WF-001,VANILLA,$ra = adresse du jal + 8 sur MIPS avec delay slot
4,LEVEL_04,Metalis,0x09189BE4,0x09189BDC,0x09189300,WF-003,VANILLA,$ra = adresse du jal + 8 sur MIPS avec delay slot
4,LEVEL_04,Metalis,0x09191774,0x0919176C,0x0919170C,WF-004,VANILLA,$ra = adresse du jal + 8 sur MIPS avec delay slot
4,LEVEL_04,Metalis,0x091DFAD8,0x091DFAD0,0x091DFA40,WF-028,VANILLA,$ra = adresse du jal + 8 sur MIPS avec delay slot
4,LEVEL_04,Metalis,0x091DFAFC,0x091DFAF4,0x091DFA40,WF-028,VANILLA,$ra = adresse du jal + 8 sur MIPS avec delay slot
4,LEVEL_04,Metalis,0x0924C454,0x0924C44C,0x0924C3E4,WF-008,VANILLA,$ra = adresse du jal + 8 sur MIPS avec delay slot
4,LEVEL_04,Metalis,0x0924C474,0x0924C46C,0x0924C3E4,WF-008,VANILLA,$ra = adresse du jal + 8 sur MIPS avec delay slot
4,LEVEL_04,Metalis,0x0924C6D4,0x0924C6CC,0x0924C600,WF-009,VANILLA,$ra = adresse du jal + 8 sur MIPS avec delay slot
4,LEVEL_04,Metalis,0x0924C6F4,0x0924C6EC,0x0924C600,WF-009,VANILLA,$ra = adresse du jal + 8 sur MIPS avec delay slot
4,LEVEL_04,Metalis,0x0924C924,0x0924C91C,0x0924C8C8,WF-007,VANILLA,$ra = adresse du jal + 8 sur MIPS avec delay slot
4,LEVEL_04,Metalis,0x0924C9A4,0x0924C99C,0x0924C8C8,WF-007,VANILLA,$ra = adresse du jal + 8 sur MIPS avec delay slot
4,LEVEL_04,Metalis,0x0924C9CC,0x0924C9C4,0x0924C8C8,WF-007,VANILLA,$ra = adresse du jal + 8 sur MIPS avec delay slot
4,LEVEL_04,Metalis,0x0924F3B0,0x0924F3A8,0x0924F294,WF-010,VANILLA,$ra = adresse du jal + 8 sur MIPS avec delay slot
4,LEVEL_04,Metalis,0x0924F470,0x0924F468,0x0924F294,WF-010,VANILLA,$ra = adresse du jal + 8 sur MIPS avec delay slot
4,LEVEL_04,Metalis,0x09263338,0x09263330,0x092631D4,WF-026,VANILLA,$ra = adresse du jal + 8 sur MIPS avec delay slot
4,LEVEL_04,Metalis,0x09263734,0x0926372C,0x092635BC,WF-025,VANILLA,$ra = adresse du jal + 8 sur MIPS avec delay slot
4,LEVEL_04,Metalis,0x092A2480,0x092A2478,0x092A241C,WF-006,VANILLA,$ra = adresse du jal + 8 sur MIPS avec delay slot
4,LEVEL_04,Metalis,0x092C6500,0x092C64F8,0x092C5CE8,WF-030,VANILLA,$ra = adresse du jal + 8 sur MIPS avec delay slot
4,LEVEL_04,Metalis,0x092DA9B4,0x092DA9AC,0x092DA8F4,WF-012,VANILLA,$ra = adresse du jal + 8 sur MIPS avec delay slot
4,LEVEL_04,Metalis,0x092DB0A0,0x092DB098,0x092DB048,WF-011,VANILLA,$ra = adresse du jal + 8 sur MIPS avec delay slot
4,LEVEL_04,Metalis,0x092DB0BC,0x092DB0B4,0x092DB048,WF-011,VANILLA,$ra = adresse du jal + 8 sur MIPS avec delay slot
5,LEVEL_05,Dreamtime,0x09148230,0x09148228,0x091481F4,WF-005,VANILLA,$ra = adresse du jal + 8 sur MIPS avec delay slot
5,LEVEL_05,Dreamtime,0x0914824C,0x09148244,0x091481F4,WF-005,VANILLA,$ra = adresse du jal + 8 sur MIPS avec delay slot
5,LEVEL_05,Dreamtime,0x09148268,0x09148260,0x091481F4,WF-005,VANILLA,$ra = adresse du jal + 8 sur MIPS avec delay slot
5,LEVEL_05,Dreamtime,0x091482C0,0x091482B8,0x09148284,WF-018,VANILLA,$ra = adresse du jal + 8 sur MIPS avec delay slot
5,LEVEL_05,Dreamtime,0x091482DC,0x091482D4,0x09148284,WF-018,VANILLA,$ra = adresse du jal + 8 sur MIPS avec delay slot
5,LEVEL_05,Dreamtime,0x09148520,0x09148518,0x091484DC,WF-013,VANILLA,$ra = adresse du jal + 8 sur MIPS avec delay slot
5,LEVEL_05,Dreamtime,0x09148544,0x0914853C,0x091484DC,WF-013,VANILLA,$ra = adresse du jal + 8 sur MIPS avec delay slot
5,LEVEL_05,Dreamtime,0x091486C0,0x091486B8,0x091485D8,WF-020,VANILLA,$ra = adresse du jal + 8 sur MIPS avec delay slot
5,LEVEL_05,Dreamtime,0x091486E0,0x091486D8,0x091485D8,WF-020,VANILLA,$ra = adresse du jal + 8 sur MIPS avec delay slot
5,LEVEL_05,Dreamtime,0x09162668,0x09162660,0x09162570,WF-017,VANILLA,$ra = adresse du jal + 8 sur MIPS avec delay slot
5,LEVEL_05,Dreamtime,0x0916268C,0x09162684,0x09162570,WF-017,VANILLA,$ra = adresse du jal + 8 sur MIPS avec delay slot
5,LEVEL_05,Dreamtime,0x091626B0,0x091626A8,0x09162570,WF-017,VANILLA,$ra = adresse du jal + 8 sur MIPS avec delay slot
5,LEVEL_05,Dreamtime,0x09163684,0x0916367C,0x0916362C,WF-022,VANILLA,$ra = adresse du jal + 8 sur MIPS avec delay slot
5,LEVEL_05,Dreamtime,0x09181C40,0x09181C38,0x091819D8,WF-002,VANILLA,$ra = adresse du jal + 8 sur MIPS avec delay slot
5,LEVEL_05,Dreamtime,0x0918231C,0x09182314,0x09181D70,WF-001,VANILLA,$ra = adresse du jal + 8 sur MIPS avec delay slot
5,LEVEL_05,Dreamtime,0x09182350,0x09182348,0x09181D70,WF-001,VANILLA,$ra = adresse du jal + 8 sur MIPS avec delay slot
5,LEVEL_05,Dreamtime,0x091824CC,0x091824C4,0x09181D70,WF-001,VANILLA,$ra = adresse du jal + 8 sur MIPS avec delay slot
5,LEVEL_05,Dreamtime,0x0918616C,0x09186164,0x09185888,WF-003,VANILLA,$ra = adresse du jal + 8 sur MIPS avec delay slot
5,LEVEL_05,Dreamtime,0x0918DCE0,0x0918DCD8,0x0918DC78,WF-004,VANILLA,$ra = adresse du jal + 8 sur MIPS avec delay slot
5,LEVEL_05,Dreamtime,0x092411EC,0x092411E4,0x0924117C,WF-008,VANILLA,$ra = adresse du jal + 8 sur MIPS avec delay slot
5,LEVEL_05,Dreamtime,0x0924120C,0x09241204,0x0924117C,WF-008,VANILLA,$ra = adresse du jal + 8 sur MIPS avec delay slot
5,LEVEL_05,Dreamtime,0x0924146C,0x09241464,0x09241398,WF-009,VANILLA,$ra = adresse du jal + 8 sur MIPS avec delay slot
5,LEVEL_05,Dreamtime,0x0924148C,0x09241484,0x09241398,WF-009,VANILLA,$ra = adresse du jal + 8 sur MIPS avec delay slot
5,LEVEL_05,Dreamtime,0x092416BC,0x092416B4,0x09241660,WF-007,VANILLA,$ra = adresse du jal + 8 sur MIPS avec delay slot
5,LEVEL_05,Dreamtime,0x0924173C,0x09241734,0x09241660,WF-007,VANILLA,$ra = adresse du jal + 8 sur MIPS avec delay slot
5,LEVEL_05,Dreamtime,0x09241764,0x0924175C,0x09241660,WF-007,VANILLA,$ra = adresse du jal + 8 sur MIPS avec delay slot
5,LEVEL_05,Dreamtime,0x09244148,0x09244140,0x0924402C,WF-010,VANILLA,$ra = adresse du jal + 8 sur MIPS avec delay slot
5,LEVEL_05,Dreamtime,0x09244208,0x09244200,0x0924402C,WF-010,VANILLA,$ra = adresse du jal + 8 sur MIPS avec delay slot
5,LEVEL_05,Dreamtime,0x0926D5F8,0x0926D5F0,0x0926D5A4,WF-050,VANILLA,$ra = adresse du jal + 8 sur MIPS avec delay slot
5,LEVEL_05,Dreamtime,0x0927D098,0x0927D090,0x0927D054,WF-048,VANILLA,$ra = adresse du jal + 8 sur MIPS avec delay slot
5,LEVEL_05,Dreamtime,0x0927DBFC,0x0927DBF4,0x0927DA14,WF-056,VANILLA,$ra = adresse du jal + 8 sur MIPS avec delay slot
5,LEVEL_05,Dreamtime,0x092958B0,0x092958A8,0x0929584C,WF-006,VANILLA,$ra = adresse du jal + 8 sur MIPS avec delay slot
5,LEVEL_05,Dreamtime,0x092A04B0,0x092A04A8,0x092A039C,WF-027,VANILLA,$ra = adresse du jal + 8 sur MIPS avec delay slot
5,LEVEL_05,Dreamtime,0x092A04CC,0x092A04C4,0x092A039C,WF-027,VANILLA,$ra = adresse du jal + 8 sur MIPS avec delay slot
5,LEVEL_05,Dreamtime,0x092A07B4,0x092A07AC,0x092A039C,WF-027,VANILLA,$ra = adresse du jal + 8 sur MIPS avec delay slot
5,LEVEL_05,Dreamtime,0x092A07D8,0x092A07D0,0x092A039C,WF-027,VANILLA,$ra = adresse du jal + 8 sur MIPS avec delay slot
5,LEVEL_05,Dreamtime,0x092A08A4,0x092A089C,0x092A039C,WF-027,VANILLA,$ra = adresse du jal + 8 sur MIPS avec delay slot
5,LEVEL_05,Dreamtime,0x092B960C,0x092B9604,0x092B954C,WF-012,VANILLA,$ra = adresse du jal + 8 sur MIPS avec delay slot
5,LEVEL_05,Dreamtime,0x092B9CF8,0x092B9CF0,0x092B9CA0,WF-011,VANILLA,$ra = adresse du jal + 8 sur MIPS avec delay slot
5,LEVEL_05,Dreamtime,0x092B9D14,0x092B9D0C,0x092B9CA0,WF-011,VANILLA,$ra = adresse du jal + 8 sur MIPS avec delay slot
6,LEVEL_06,Medical Outpost Omega,0x09148098,0x09148090,0x0914805C,WF-005,VANILLA,$ra = adresse du jal + 8 sur MIPS avec delay slot
6,LEVEL_06,Medical Outpost Omega,0x091480B4,0x091480AC,0x0914805C,WF-005,VANILLA,$ra = adresse du jal + 8 sur MIPS avec delay slot
6,LEVEL_06,Medical Outpost Omega,0x091480D0,0x091480C8,0x0914805C,WF-005,VANILLA,$ra = adresse du jal + 8 sur MIPS avec delay slot
6,LEVEL_06,Medical Outpost Omega,0x09148314,0x0914830C,0x091482D0,WF-013,VANILLA,$ra = adresse du jal + 8 sur MIPS avec delay slot
6,LEVEL_06,Medical Outpost Omega,0x09148338,0x09148330,0x091482D0,WF-013,VANILLA,$ra = adresse du jal + 8 sur MIPS avec delay slot
6,LEVEL_06,Medical Outpost Omega,0x0916147C,0x09161474,0x09161388,WF-014,VANILLA,$ra = adresse du jal + 8 sur MIPS avec delay slot
6,LEVEL_06,Medical Outpost Omega,0x091614A0,0x09161498,0x09161388,WF-014,VANILLA,$ra = adresse du jal + 8 sur MIPS avec delay slot
6,LEVEL_06,Medical Outpost Omega,0x091614C4,0x091614BC,0x09161388,WF-014,VANILLA,$ra = adresse du jal + 8 sur MIPS avec delay slot
6,LEVEL_06,Medical Outpost Omega,0x09180D9C,0x09180D94,0x09180B34,WF-002,VANILLA,$ra = adresse du jal + 8 sur MIPS avec delay slot
6,LEVEL_06,Medical Outpost Omega,0x09181478,0x09181470,0x09180ECC,WF-001,VANILLA,$ra = adresse du jal + 8 sur MIPS avec delay slot
6,LEVEL_06,Medical Outpost Omega,0x091814AC,0x091814A4,0x09180ECC,WF-001,VANILLA,$ra = adresse du jal + 8 sur MIPS avec delay slot
6,LEVEL_06,Medical Outpost Omega,0x09181628,0x09181620,0x09180ECC,WF-001,VANILLA,$ra = adresse du jal + 8 sur MIPS avec delay slot
6,LEVEL_06,Medical Outpost Omega,0x09185750,0x09185748,0x09184E6C,WF-003,VANILLA,$ra = adresse du jal + 8 sur MIPS avec delay slot
6,LEVEL_06,Medical Outpost Omega,0x0918D2C4,0x0918D2BC,0x0918D25C,WF-004,VANILLA,$ra = adresse du jal + 8 sur MIPS avec delay slot
6,LEVEL_06,Medical Outpost Omega,0x0923CA68,0x0923CA60,0x0923C9F8,WF-008,VANILLA,$ra = adresse du jal + 8 sur MIPS avec delay slot
6,LEVEL_06,Medical Outpost Omega,0x0923CA88,0x0923CA80,0x0923C9F8,WF-008,VANILLA,$ra = adresse du jal + 8 sur MIPS avec delay slot
6,LEVEL_06,Medical Outpost Omega,0x0923CCE8,0x0923CCE0,0x0923CC14,WF-009,VANILLA,$ra = adresse du jal + 8 sur MIPS avec delay slot
6,LEVEL_06,Medical Outpost Omega,0x0923CD08,0x0923CD00,0x0923CC14,WF-009,VANILLA,$ra = adresse du jal + 8 sur MIPS avec delay slot
6,LEVEL_06,Medical Outpost Omega,0x0923CF38,0x0923CF30,0x0923CEDC,WF-007,VANILLA,$ra = adresse du jal + 8 sur MIPS avec delay slot
6,LEVEL_06,Medical Outpost Omega,0x0923CFB8,0x0923CFB0,0x0923CEDC,WF-007,VANILLA,$ra = adresse du jal + 8 sur MIPS avec delay slot
6,LEVEL_06,Medical Outpost Omega,0x0923CFE0,0x0923CFD8,0x0923CEDC,WF-007,VANILLA,$ra = adresse du jal + 8 sur MIPS avec delay slot
6,LEVEL_06,Medical Outpost Omega,0x0923F9C4,0x0923F9BC,0x0923F8A8,WF-010,VANILLA,$ra = adresse du jal + 8 sur MIPS avec delay slot
6,LEVEL_06,Medical Outpost Omega,0x0923FA84,0x0923FA7C,0x0923F8A8,WF-010,VANILLA,$ra = adresse du jal + 8 sur MIPS avec delay slot
6,LEVEL_06,Medical Outpost Omega,0x092734D4,0x092734CC,0x092731BC,WF-016,VANILLA,$ra = adresse du jal + 8 sur MIPS avec delay slot
6,LEVEL_06,Medical Outpost Omega,0x09273778,0x09273770,0x092731BC,WF-016,VANILLA,$ra = adresse du jal + 8 sur MIPS avec delay slot
6,LEVEL_06,Medical Outpost Omega,0x092825C4,0x092825BC,0x09282488,WF-034,VANILLA,$ra = adresse du jal + 8 sur MIPS avec delay slot
6,LEVEL_06,Medical Outpost Omega,0x092825E0,0x092825D8,0x09282488,WF-034,VANILLA,$ra = adresse du jal + 8 sur MIPS avec delay slot
6,LEVEL_06,Medical Outpost Omega,0x092825FC,0x092825F4,0x09282488,WF-034,VANILLA,$ra = adresse du jal + 8 sur MIPS avec delay slot
6,LEVEL_06,Medical Outpost Omega,0x09282618,0x09282610,0x09282488,WF-034,VANILLA,$ra = adresse du jal + 8 sur MIPS avec delay slot
6,LEVEL_06,Medical Outpost Omega,0x09291FCC,0x09291FC4,0x09291F68,WF-006,VANILLA,$ra = adresse du jal + 8 sur MIPS avec delay slot
6,LEVEL_06,Medical Outpost Omega,0x092B9548,0x092B9540,0x092B9488,WF-012,VANILLA,$ra = adresse du jal + 8 sur MIPS avec delay slot
6,LEVEL_06,Medical Outpost Omega,0x092B9C34,0x092B9C2C,0x092B9BDC,WF-011,VANILLA,$ra = adresse du jal + 8 sur MIPS avec delay slot
6,LEVEL_06,Medical Outpost Omega,0x092B9C50,0x092B9C48,0x092B9BDC,WF-011,VANILLA,$ra = adresse du jal + 8 sur MIPS avec delay slot
7,LEVEL_07,Challax,0x09148230,0x09148228,0x091481F4,WF-005,VANILLA,$ra = adresse du jal + 8 sur MIPS avec delay slot
7,LEVEL_07,Challax,0x0914824C,0x09148244,0x091481F4,WF-005,VANILLA,$ra = adresse du jal + 8 sur MIPS avec delay slot
7,LEVEL_07,Challax,0x09148268,0x09148260,0x091481F4,WF-005,VANILLA,$ra = adresse du jal + 8 sur MIPS avec delay slot
7,LEVEL_07,Challax,0x091482C0,0x091482B8,0x09148284,WF-018,VANILLA,$ra = adresse du jal + 8 sur MIPS avec delay slot
7,LEVEL_07,Challax,0x091482DC,0x091482D4,0x09148284,WF-018,VANILLA,$ra = adresse du jal + 8 sur MIPS avec delay slot
7,LEVEL_07,Challax,0x09148520,0x09148518,0x091484DC,WF-013,VANILLA,$ra = adresse du jal + 8 sur MIPS avec delay slot
7,LEVEL_07,Challax,0x09148544,0x0914853C,0x091484DC,WF-013,VANILLA,$ra = adresse du jal + 8 sur MIPS avec delay slot
7,LEVEL_07,Challax,0x091486C0,0x091486B8,0x091485D8,WF-020,VANILLA,$ra = adresse du jal + 8 sur MIPS avec delay slot
7,LEVEL_07,Challax,0x091486E0,0x091486D8,0x091485D8,WF-020,VANILLA,$ra = adresse du jal + 8 sur MIPS avec delay slot
7,LEVEL_07,Challax,0x0914ACC0,0x0914ACB8,0x0914AA1C,WF-015,VANILLA,$ra = adresse du jal + 8 sur MIPS avec delay slot
7,LEVEL_07,Challax,0x091629DC,0x091629D4,0x091628E8,WF-014,VANILLA,$ra = adresse du jal + 8 sur MIPS avec delay slot
7,LEVEL_07,Challax,0x09162A00,0x091629F8,0x091628E8,WF-014,VANILLA,$ra = adresse du jal + 8 sur MIPS avec delay slot
7,LEVEL_07,Challax,0x09162A24,0x09162A1C,0x091628E8,WF-014,VANILLA,$ra = adresse du jal + 8 sur MIPS avec delay slot
7,LEVEL_07,Challax,0x09164A40,0x09164A38,0x09164948,WF-017,VANILLA,$ra = adresse du jal + 8 sur MIPS avec delay slot
7,LEVEL_07,Challax,0x09164A64,0x09164A5C,0x09164948,WF-017,VANILLA,$ra = adresse du jal + 8 sur MIPS avec delay slot
7,LEVEL_07,Challax,0x09164A88,0x09164A80,0x09164948,WF-017,VANILLA,$ra = adresse du jal + 8 sur MIPS avec delay slot
7,LEVEL_07,Challax,0x09165A5C,0x09165A54,0x09165A04,WF-022,VANILLA,$ra = adresse du jal + 8 sur MIPS avec delay slot
7,LEVEL_07,Challax,0x09184460,0x09184458,0x091841F8,WF-002,VANILLA,$ra = adresse du jal + 8 sur MIPS avec delay slot
7,LEVEL_07,Challax,0x09184B3C,0x09184B34,0x09184590,WF-001,VANILLA,$ra = adresse du jal + 8 sur MIPS avec delay slot
7,LEVEL_07,Challax,0x09184B70,0x09184B68,0x09184590,WF-001,VANILLA,$ra = adresse du jal + 8 sur MIPS avec delay slot
7,LEVEL_07,Challax,0x09184CEC,0x09184CE4,0x09184590,WF-001,VANILLA,$ra = adresse du jal + 8 sur MIPS avec delay slot
7,LEVEL_07,Challax,0x09188E14,0x09188E0C,0x09188530,WF-003,VANILLA,$ra = adresse du jal + 8 sur MIPS avec delay slot
7,LEVEL_07,Challax,0x091909A4,0x0919099C,0x0919093C,WF-004,VANILLA,$ra = adresse du jal + 8 sur MIPS avec delay slot
7,LEVEL_07,Challax,0x09246FB8,0x09246FB0,0x09246F48,WF-008,VANILLA,$ra = adresse du jal + 8 sur MIPS avec delay slot
7,LEVEL_07,Challax,0x09246FD8,0x09246FD0,0x09246F48,WF-008,VANILLA,$ra = adresse du jal + 8 sur MIPS avec delay slot
7,LEVEL_07,Challax,0x09247238,0x09247230,0x09247164,WF-009,VANILLA,$ra = adresse du jal + 8 sur MIPS avec delay slot
7,LEVEL_07,Challax,0x09247258,0x09247250,0x09247164,WF-009,VANILLA,$ra = adresse du jal + 8 sur MIPS avec delay slot
7,LEVEL_07,Challax,0x09247488,0x09247480,0x0924742C,WF-007,VANILLA,$ra = adresse du jal + 8 sur MIPS avec delay slot
7,LEVEL_07,Challax,0x09247508,0x09247500,0x0924742C,WF-007,VANILLA,$ra = adresse du jal + 8 sur MIPS avec delay slot
7,LEVEL_07,Challax,0x09247530,0x09247528,0x0924742C,WF-007,VANILLA,$ra = adresse du jal + 8 sur MIPS avec delay slot
7,LEVEL_07,Challax,0x09249F14,0x09249F0C,0x09249DF8,WF-010,VANILLA,$ra = adresse du jal + 8 sur MIPS avec delay slot
7,LEVEL_07,Challax,0x09249FD4,0x09249FCC,0x09249DF8,WF-010,VANILLA,$ra = adresse du jal + 8 sur MIPS avec delay slot
7,LEVEL_07,Challax,0x0926A094,0x0926A08C,0x09269FC0,WF-045,VANILLA,$ra = adresse du jal + 8 sur MIPS avec delay slot
7,LEVEL_07,Challax,0x0926A8DC,0x0926A8D4,0x0926A81C,WF-042,VANILLA,$ra = adresse du jal + 8 sur MIPS avec delay slot
7,LEVEL_07,Challax,0x0926B14C,0x0926B144,0x0926AEE8,WF-039,VANILLA,$ra = adresse du jal + 8 sur MIPS avec delay slot
7,LEVEL_07,Challax,0x0926B758,0x0926B750,0x0926AEE8,WF-039,VANILLA,$ra = adresse du jal + 8 sur MIPS avec delay slot
7,LEVEL_07,Challax,0x092893E0,0x092893D8,0x092890C8,WF-016,VANILLA,$ra = adresse du jal + 8 sur MIPS avec delay slot
7,LEVEL_07,Challax,0x09289684,0x0928967C,0x092890C8,WF-016,VANILLA,$ra = adresse du jal + 8 sur MIPS avec delay slot
7,LEVEL_07,Challax,0x092982E4,0x092982DC,0x092977E8,WF-052,VANILLA,$ra = adresse du jal + 8 sur MIPS avec delay slot
7,LEVEL_07,Challax,0x0929AD58,0x0929AD50,0x0929ABB4,WF-049,VANILLA,$ra = adresse du jal + 8 sur MIPS avec delay slot
7,LEVEL_07,Challax,0x092A9994,0x092A998C,0x092A9930,WF-006,VANILLA,$ra = adresse du jal + 8 sur MIPS avec delay slot
7,LEVEL_07,Challax,0x092CCCE4,0x092CCCDC,0x092CCBCC,WF-019,VANILLA,$ra = adresse du jal + 8 sur MIPS avec delay slot
7,LEVEL_07,Challax,0x092CCF64,0x092CCF5C,0x092CCBCC,WF-019,VANILLA,$ra = adresse du jal + 8 sur MIPS avec delay slot
7,LEVEL_07,Challax,0x092D5500,0x092D54F8,0x092D5440,WF-012,VANILLA,$ra = adresse du jal + 8 sur MIPS avec delay slot
7,LEVEL_07,Challax,0x092D5BEC,0x092D5BE4,0x092D5B94,WF-011,VANILLA,$ra = adresse du jal + 8 sur MIPS avec delay slot
7,LEVEL_07,Challax,0x092D5C08,0x092D5C00,0x092D5B94,WF-011,VANILLA,$ra = adresse du jal + 8 sur MIPS avec delay slot
8,LEVEL_08,Dayni Moon,0x0914828C,0x09148284,0x09148250,WF-005,VANILLA,$ra = adresse du jal + 8 sur MIPS avec delay slot
8,LEVEL_08,Dayni Moon,0x091482A8,0x091482A0,0x09148250,WF-005,VANILLA,$ra = adresse du jal + 8 sur MIPS avec delay slot
8,LEVEL_08,Dayni Moon,0x091482C4,0x091482BC,0x09148250,WF-005,VANILLA,$ra = adresse du jal + 8 sur MIPS avec delay slot
8,LEVEL_08,Dayni Moon,0x0914831C,0x09148314,0x091482E0,WF-018,VANILLA,$ra = adresse du jal + 8 sur MIPS avec delay slot
8,LEVEL_08,Dayni Moon,0x09148338,0x09148330,0x091482E0,WF-018,VANILLA,$ra = adresse du jal + 8 sur MIPS avec delay slot
8,LEVEL_08,Dayni Moon,0x0914857C,0x09148574,0x09148538,WF-013,VANILLA,$ra = adresse du jal + 8 sur MIPS avec delay slot
8,LEVEL_08,Dayni Moon,0x091485A0,0x09148598,0x09148538,WF-013,VANILLA,$ra = adresse du jal + 8 sur MIPS avec delay slot
8,LEVEL_08,Dayni Moon,0x0914871C,0x09148714,0x09148634,WF-020,VANILLA,$ra = adresse du jal + 8 sur MIPS avec delay slot
8,LEVEL_08,Dayni Moon,0x0914873C,0x09148734,0x09148634,WF-020,VANILLA,$ra = adresse du jal + 8 sur MIPS avec delay slot
8,LEVEL_08,Dayni Moon,0x0914B0DC,0x0914B0D4,0x0914AE38,WF-015,VANILLA,$ra = adresse du jal + 8 sur MIPS avec delay slot
8,LEVEL_08,Dayni Moon,0x09163120,0x09163118,0x0916302C,WF-014,VANILLA,$ra = adresse du jal + 8 sur MIPS avec delay slot
8,LEVEL_08,Dayni Moon,0x09163144,0x0916313C,0x0916302C,WF-014,VANILLA,$ra = adresse du jal + 8 sur MIPS avec delay slot
8,LEVEL_08,Dayni Moon,0x09163168,0x09163160,0x0916302C,WF-014,VANILLA,$ra = adresse du jal + 8 sur MIPS avec delay slot
8,LEVEL_08,Dayni Moon,0x09163788,0x09163780,0x09163744,WF-021,VANILLA,$ra = adresse du jal + 8 sur MIPS avec delay slot
8,LEVEL_08,Dayni Moon,0x091659AC,0x091659A4,0x091658B4,WF-017,VANILLA,$ra = adresse du jal + 8 sur MIPS avec delay slot
8,LEVEL_08,Dayni Moon,0x091659D0,0x091659C8,0x091658B4,WF-017,VANILLA,$ra = adresse du jal + 8 sur MIPS avec delay slot
8,LEVEL_08,Dayni Moon,0x091659F4,0x091659EC,0x091658B4,WF-017,VANILLA,$ra = adresse du jal + 8 sur MIPS avec delay slot
8,LEVEL_08,Dayni Moon,0x091669C8,0x091669C0,0x09166970,WF-022,VANILLA,$ra = adresse du jal + 8 sur MIPS avec delay slot
8,LEVEL_08,Dayni Moon,0x091686D0,0x091686C8,0x09168698,WF-029,VANILLA,$ra = adresse du jal + 8 sur MIPS avec delay slot
8,LEVEL_08,Dayni Moon,0x0916A830,0x0916A828,0x0916A7BC,WF-023,VANILLA,$ra = adresse du jal + 8 sur MIPS avec delay slot
8,LEVEL_08,Dayni Moon,0x0916A9C8,0x0916A9C0,0x0916A7BC,WF-023,VANILLA,$ra = adresse du jal + 8 sur MIPS avec delay slot
8,LEVEL_08,Dayni Moon,0x09188F20,0x09188F18,0x09188CB8,WF-002,VANILLA,$ra = adresse du jal + 8 sur MIPS avec delay slot
8,LEVEL_08,Dayni Moon,0x091895FC,0x091895F4,0x09189050,WF-001,VANILLA,$ra = adresse du jal + 8 sur MIPS avec delay slot
8,LEVEL_08,Dayni Moon,0x09189630,0x09189628,0x09189050,WF-001,VANILLA,$ra = adresse du jal + 8 sur MIPS avec delay slot
8,LEVEL_08,Dayni Moon,0x091897AC,0x091897A4,0x09189050,WF-001,VANILLA,$ra = adresse du jal + 8 sur MIPS avec delay slot
8,LEVEL_08,Dayni Moon,0x0918D8D4,0x0918D8CC,0x0918CFF0,WF-003,VANILLA,$ra = adresse du jal + 8 sur MIPS avec delay slot
8,LEVEL_08,Dayni Moon,0x09195448,0x09195440,0x091953E0,WF-004,VANILLA,$ra = adresse du jal + 8 sur MIPS avec delay slot
8,LEVEL_08,Dayni Moon,0x091E4CF0,0x091E4CE8,0x091E4C58,WF-028,VANILLA,$ra = adresse du jal + 8 sur MIPS avec delay slot
8,LEVEL_08,Dayni Moon,0x091E4D14,0x091E4D0C,0x091E4C58,WF-028,VANILLA,$ra = adresse du jal + 8 sur MIPS avec delay slot
8,LEVEL_08,Dayni Moon,0x092513C0,0x092513B8,0x09251350,WF-008,VANILLA,$ra = adresse du jal + 8 sur MIPS avec delay slot
8,LEVEL_08,Dayni Moon,0x092513E0,0x092513D8,0x09251350,WF-008,VANILLA,$ra = adresse du jal + 8 sur MIPS avec delay slot
8,LEVEL_08,Dayni Moon,0x09251640,0x09251638,0x0925156C,WF-009,VANILLA,$ra = adresse du jal + 8 sur MIPS avec delay slot
8,LEVEL_08,Dayni Moon,0x09251660,0x09251658,0x0925156C,WF-009,VANILLA,$ra = adresse du jal + 8 sur MIPS avec delay slot
8,LEVEL_08,Dayni Moon,0x09251890,0x09251888,0x09251834,WF-007,VANILLA,$ra = adresse du jal + 8 sur MIPS avec delay slot
8,LEVEL_08,Dayni Moon,0x09251910,0x09251908,0x09251834,WF-007,VANILLA,$ra = adresse du jal + 8 sur MIPS avec delay slot
8,LEVEL_08,Dayni Moon,0x09251938,0x09251930,0x09251834,WF-007,VANILLA,$ra = adresse du jal + 8 sur MIPS avec delay slot
8,LEVEL_08,Dayni Moon,0x0925431C,0x09254314,0x09254200,WF-010,VANILLA,$ra = adresse du jal + 8 sur MIPS avec delay slot
8,LEVEL_08,Dayni Moon,0x092543DC,0x092543D4,0x09254200,WF-010,VANILLA,$ra = adresse du jal + 8 sur MIPS avec delay slot
8,LEVEL_08,Dayni Moon,0x09269084,0x0926907C,0x09268F20,WF-026,VANILLA,$ra = adresse du jal + 8 sur MIPS avec delay slot
8,LEVEL_08,Dayni Moon,0x09269480,0x09269478,0x09269308,WF-025,VANILLA,$ra = adresse du jal + 8 sur MIPS avec delay slot
8,LEVEL_08,Dayni Moon,0x092A7544,0x092A753C,0x092A7468,WF-041,VANILLA,$ra = adresse du jal + 8 sur MIPS avec delay slot
8,LEVEL_08,Dayni Moon,0x092A776C,0x092A7764,0x092A7468,WF-041,VANILLA,$ra = adresse du jal + 8 sur MIPS avec delay slot
8,LEVEL_08,Dayni Moon,0x092AB594,0x092AB58C,0x092AB448,WF-038,VANILLA,$ra = adresse du jal + 8 sur MIPS avec delay slot
8,LEVEL_08,Dayni Moon,0x092AB618,0x092AB610,0x092AB448,WF-038,VANILLA,$ra = adresse du jal + 8 sur MIPS avec delay slot
8,LEVEL_08,Dayni Moon,0x092ACE80,0x092ACE78,0x092ACE14,WF-054,VANILLA,$ra = adresse du jal + 8 sur MIPS avec delay slot
8,LEVEL_08,Dayni Moon,0x092AD52C,0x092AD524,0x092AD464,WF-040,VANILLA,$ra = adresse du jal + 8 sur MIPS avec delay slot
8,LEVEL_08,Dayni Moon,0x092AD65C,0x092AD654,0x092AD464,WF-040,VANILLA,$ra = adresse du jal + 8 sur MIPS avec delay slot
8,LEVEL_08,Dayni Moon,0x092ADA7C,0x092ADA74,0x092AD7D0,WF-035,VANILLA,$ra = adresse du jal + 8 sur MIPS avec delay slot
8,LEVEL_08,Dayni Moon,0x092ADA9C,0x092ADA94,0x092AD7D0,WF-035,VANILLA,$ra = adresse du jal + 8 sur MIPS avec delay slot
8,LEVEL_08,Dayni Moon,0x092ADB84,0x092ADB7C,0x092AD7D0,WF-035,VANILLA,$ra = adresse du jal + 8 sur MIPS avec delay slot
8,LEVEL_08,Dayni Moon,0x092ADBF4,0x092ADBEC,0x092AD7D0,WF-035,VANILLA,$ra = adresse du jal + 8 sur MIPS avec delay slot
8,LEVEL_08,Dayni Moon,0x092C5E78,0x092C5E70,0x092C5E14,WF-006,VANILLA,$ra = adresse du jal + 8 sur MIPS avec delay slot
8,LEVEL_08,Dayni Moon,0x092ED750,0x092ED748,0x092ED638,WF-019,VANILLA,$ra = adresse du jal + 8 sur MIPS avec delay slot
8,LEVEL_08,Dayni Moon,0x092ED9D0,0x092ED9C8,0x092ED638,WF-019,VANILLA,$ra = adresse du jal + 8 sur MIPS avec delay slot
8,LEVEL_08,Dayni Moon,0x092FEB98,0x092FEB90,0x092FEAD8,WF-012,VANILLA,$ra = adresse du jal + 8 sur MIPS avec delay slot
8,LEVEL_08,Dayni Moon,0x092FF284,0x092FF27C,0x092FF22C,WF-011,VANILLA,$ra = adresse du jal + 8 sur MIPS avec delay slot
8,LEVEL_08,Dayni Moon,0x092FF2A0,0x092FF298,0x092FF22C,WF-011,VANILLA,$ra = adresse du jal + 8 sur MIPS avec delay slot
9,LEVEL_09,Inside Clank,0x09148230,0x09148228,0x091481F4,WF-005,VANILLA,$ra = adresse du jal + 8 sur MIPS avec delay slot
9,LEVEL_09,Inside Clank,0x0914824C,0x09148244,0x091481F4,WF-005,VANILLA,$ra = adresse du jal + 8 sur MIPS avec delay slot
9,LEVEL_09,Inside Clank,0x09148268,0x09148260,0x091481F4,WF-005,VANILLA,$ra = adresse du jal + 8 sur MIPS avec delay slot
9,LEVEL_09,Inside Clank,0x091482C0,0x091482B8,0x09148284,WF-018,VANILLA,$ra = adresse du jal + 8 sur MIPS avec delay slot
9,LEVEL_09,Inside Clank,0x091482DC,0x091482D4,0x09148284,WF-018,VANILLA,$ra = adresse du jal + 8 sur MIPS avec delay slot
9,LEVEL_09,Inside Clank,0x09148520,0x09148518,0x091484DC,WF-013,VANILLA,$ra = adresse du jal + 8 sur MIPS avec delay slot
9,LEVEL_09,Inside Clank,0x09148544,0x0914853C,0x091484DC,WF-013,VANILLA,$ra = adresse du jal + 8 sur MIPS avec delay slot
9,LEVEL_09,Inside Clank,0x09161B6C,0x09161B64,0x09161A78,WF-014,VANILLA,$ra = adresse du jal + 8 sur MIPS avec delay slot
9,LEVEL_09,Inside Clank,0x09161B90,0x09161B88,0x09161A78,WF-014,VANILLA,$ra = adresse du jal + 8 sur MIPS avec delay slot
9,LEVEL_09,Inside Clank,0x09161BB4,0x09161BAC,0x09161A78,WF-014,VANILLA,$ra = adresse du jal + 8 sur MIPS avec delay slot
9,LEVEL_09,Inside Clank,0x09180988,0x09180980,0x09180720,WF-002,VANILLA,$ra = adresse du jal + 8 sur MIPS avec delay slot
9,LEVEL_09,Inside Clank,0x09181064,0x0918105C,0x09180AB8,WF-001,VANILLA,$ra = adresse du jal + 8 sur MIPS avec delay slot
9,LEVEL_09,Inside Clank,0x09181098,0x09181090,0x09180AB8,WF-001,VANILLA,$ra = adresse du jal + 8 sur MIPS avec delay slot
9,LEVEL_09,Inside Clank,0x09181214,0x0918120C,0x09180AB8,WF-001,VANILLA,$ra = adresse du jal + 8 sur MIPS avec delay slot
9,LEVEL_09,Inside Clank,0x0918533C,0x09185334,0x09184A58,WF-003,VANILLA,$ra = adresse du jal + 8 sur MIPS avec delay slot
9,LEVEL_09,Inside Clank,0x0918CEB0,0x0918CEA8,0x0918CE48,WF-004,VANILLA,$ra = adresse du jal + 8 sur MIPS avec delay slot
9,LEVEL_09,Inside Clank,0x0923EA10,0x0923EA08,0x0923E9A0,WF-008,VANILLA,$ra = adresse du jal + 8 sur MIPS avec delay slot
9,LEVEL_09,Inside Clank,0x0923EA30,0x0923EA28,0x0923E9A0,WF-008,VANILLA,$ra = adresse du jal + 8 sur MIPS avec delay slot
9,LEVEL_09,Inside Clank,0x0923EC90,0x0923EC88,0x0923EBBC,WF-009,VANILLA,$ra = adresse du jal + 8 sur MIPS avec delay slot
9,LEVEL_09,Inside Clank,0x0923ECB0,0x0923ECA8,0x0923EBBC,WF-009,VANILLA,$ra = adresse du jal + 8 sur MIPS avec delay slot
9,LEVEL_09,Inside Clank,0x0923EEE0,0x0923EED8,0x0923EE84,WF-007,VANILLA,$ra = adresse du jal + 8 sur MIPS avec delay slot
9,LEVEL_09,Inside Clank,0x0923EF60,0x0923EF58,0x0923EE84,WF-007,VANILLA,$ra = adresse du jal + 8 sur MIPS avec delay slot
9,LEVEL_09,Inside Clank,0x0923EF88,0x0923EF80,0x0923EE84,WF-007,VANILLA,$ra = adresse du jal + 8 sur MIPS avec delay slot
9,LEVEL_09,Inside Clank,0x0924196C,0x09241964,0x09241850,WF-010,VANILLA,$ra = adresse du jal + 8 sur MIPS avec delay slot
9,LEVEL_09,Inside Clank,0x09241A2C,0x09241A24,0x09241850,WF-010,VANILLA,$ra = adresse du jal + 8 sur MIPS avec delay slot
9,LEVEL_09,Inside Clank,0x09273528,0x09273520,0x09273210,WF-016,VANILLA,$ra = adresse du jal + 8 sur MIPS avec delay slot
9,LEVEL_09,Inside Clank,0x092737CC,0x092737C4,0x09273210,WF-016,VANILLA,$ra = adresse du jal + 8 sur MIPS avec delay slot
9,LEVEL_09,Inside Clank,0x0928FCC0,0x0928FCB8,0x0928FC5C,WF-006,VANILLA,$ra = adresse du jal + 8 sur MIPS avec delay slot
9,LEVEL_09,Inside Clank,0x092B36BC,0x092B36B4,0x092B35FC,WF-012,VANILLA,$ra = adresse du jal + 8 sur MIPS avec delay slot
9,LEVEL_09,Inside Clank,0x092B3DA8,0x092B3DA0,0x092B3D50,WF-011,VANILLA,$ra = adresse du jal + 8 sur MIPS avec delay slot
9,LEVEL_09,Inside Clank,0x092B3DC4,0x092B3DBC,0x092B3D50,WF-011,VANILLA,$ra = adresse du jal + 8 sur MIPS avec delay slot
10,LEVEL_10,Quadrona,0x0914802C,0x09148024,0x09147FF0,WF-005,VANILLA,$ra = adresse du jal + 8 sur MIPS avec delay slot
10,LEVEL_10,Quadrona,0x09148048,0x09148040,0x09147FF0,WF-005,VANILLA,$ra = adresse du jal + 8 sur MIPS avec delay slot
10,LEVEL_10,Quadrona,0x09148064,0x0914805C,0x09147FF0,WF-005,VANILLA,$ra = adresse du jal + 8 sur MIPS avec delay slot
10,LEVEL_10,Quadrona,0x091480BC,0x091480B4,0x09148080,WF-018,VANILLA,$ra = adresse du jal + 8 sur MIPS avec delay slot
10,LEVEL_10,Quadrona,0x091480D8,0x091480D0,0x09148080,WF-018,VANILLA,$ra = adresse du jal + 8 sur MIPS avec delay slot
10,LEVEL_10,Quadrona,0x0914831C,0x09148314,0x091482D8,WF-013,VANILLA,$ra = adresse du jal + 8 sur MIPS avec delay slot
10,LEVEL_10,Quadrona,0x09148340,0x09148338,0x091482D8,WF-013,VANILLA,$ra = adresse du jal + 8 sur MIPS avec delay slot
10,LEVEL_10,Quadrona,0x09162CCC,0x09162CC4,0x09162BD8,WF-014,VANILLA,$ra = adresse du jal + 8 sur MIPS avec delay slot
10,LEVEL_10,Quadrona,0x09162CF0,0x09162CE8,0x09162BD8,WF-014,VANILLA,$ra = adresse du jal + 8 sur MIPS avec delay slot
10,LEVEL_10,Quadrona,0x09162D14,0x09162D0C,0x09162BD8,WF-014,VANILLA,$ra = adresse du jal + 8 sur MIPS avec delay slot
10,LEVEL_10,Quadrona,0x09163230,0x09163228,0x091631EC,WF-021,VANILLA,$ra = adresse du jal + 8 sur MIPS avec delay slot
10,LEVEL_10,Quadrona,0x09164884,0x0916487C,0x09164728,WF-059,VANILLA,$ra = adresse du jal + 8 sur MIPS avec delay slot
10,LEVEL_10,Quadrona,0x091829F0,0x091829E8,0x09182788,WF-002,VANILLA,$ra = adresse du jal + 8 sur MIPS avec delay slot
10,LEVEL_10,Quadrona,0x091830CC,0x091830C4,0x09182B20,WF-001,VANILLA,$ra = adresse du jal + 8 sur MIPS avec delay slot
10,LEVEL_10,Quadrona,0x09183100,0x091830F8,0x09182B20,WF-001,VANILLA,$ra = adresse du jal + 8 sur MIPS avec delay slot
10,LEVEL_10,Quadrona,0x0918327C,0x09183274,0x09182B20,WF-001,VANILLA,$ra = adresse du jal + 8 sur MIPS avec delay slot
10,LEVEL_10,Quadrona,0x091873A4,0x0918739C,0x09186AC0,WF-003,VANILLA,$ra = adresse du jal + 8 sur MIPS avec delay slot
10,LEVEL_10,Quadrona,0x0918EF80,0x0918EF78,0x0918EF18,WF-004,VANILLA,$ra = adresse du jal + 8 sur MIPS avec delay slot
10,LEVEL_10,Quadrona,0x09242F80,0x09242F78,0x09242F10,WF-008,VANILLA,$ra = adresse du jal + 8 sur MIPS avec delay slot
10,LEVEL_10,Quadrona,0x09242FA0,0x09242F98,0x09242F10,WF-008,VANILLA,$ra = adresse du jal + 8 sur MIPS avec delay slot
10,LEVEL_10,Quadrona,0x09243200,0x092431F8,0x0924312C,WF-009,VANILLA,$ra = adresse du jal + 8 sur MIPS avec delay slot
10,LEVEL_10,Quadrona,0x09243220,0x09243218,0x0924312C,WF-009,VANILLA,$ra = adresse du jal + 8 sur MIPS avec delay slot
10,LEVEL_10,Quadrona,0x09243450,0x09243448,0x092433F4,WF-007,VANILLA,$ra = adresse du jal + 8 sur MIPS avec delay slot
10,LEVEL_10,Quadrona,0x092434D0,0x092434C8,0x092433F4,WF-007,VANILLA,$ra = adresse du jal + 8 sur MIPS avec delay slot
10,LEVEL_10,Quadrona,0x092434F8,0x092434F0,0x092433F4,WF-007,VANILLA,$ra = adresse du jal + 8 sur MIPS avec delay slot
10,LEVEL_10,Quadrona,0x09245EDC,0x09245ED4,0x09245DC0,WF-010,VANILLA,$ra = adresse du jal + 8 sur MIPS avec delay slot
10,LEVEL_10,Quadrona,0x09245F9C,0x09245F94,0x09245DC0,WF-010,VANILLA,$ra = adresse du jal + 8 sur MIPS avec delay slot
10,LEVEL_10,Quadrona,0x0927FBA0,0x0927FB98,0x0927F888,WF-016,VANILLA,$ra = adresse du jal + 8 sur MIPS avec delay slot
10,LEVEL_10,Quadrona,0x0927FE44,0x0927FE3C,0x0927F888,WF-016,VANILLA,$ra = adresse du jal + 8 sur MIPS avec delay slot
10,LEVEL_10,Quadrona,0x092A0EA8,0x092A0EA0,0x092A0E44,WF-006,VANILLA,$ra = adresse du jal + 8 sur MIPS avec delay slot
10,LEVEL_10,Quadrona,0x092C4388,0x092C4380,0x092C4270,WF-019,VANILLA,$ra = adresse du jal + 8 sur MIPS avec delay slot
10,LEVEL_10,Quadrona,0x092C4608,0x092C4600,0x092C4270,WF-019,VANILLA,$ra = adresse du jal + 8 sur MIPS avec delay slot
10,LEVEL_10,Quadrona,0x092CD978,0x092CD970,0x092CD8B8,WF-012,VANILLA,$ra = adresse du jal + 8 sur MIPS avec delay slot
10,LEVEL_10,Quadrona,0x092CE064,0x092CE05C,0x092CE00C,WF-011,VANILLA,$ra = adresse du jal + 8 sur MIPS avec delay slot
10,LEVEL_10,Quadrona,0x092CE080,0x092CE078,0x092CE00C,WF-011,VANILLA,$ra = adresse du jal + 8 sur MIPS avec delay slot
15,LEVEL_15,Giant Clank — niveau 4,0x09176534,0x0917652C,0x091762CC,WF-002,VANILLA,$ra = adresse du jal + 8 sur MIPS avec delay slot
15,LEVEL_15,Giant Clank — niveau 4,0x09176C10,0x09176C08,0x09176664,WF-001,VANILLA,$ra = adresse du jal + 8 sur MIPS avec delay slot
15,LEVEL_15,Giant Clank — niveau 4,0x09176C44,0x09176C3C,0x09176664,WF-001,VANILLA,$ra = adresse du jal + 8 sur MIPS avec delay slot
15,LEVEL_15,Giant Clank — niveau 4,0x09176DC0,0x09176DB8,0x09176664,WF-001,VANILLA,$ra = adresse du jal + 8 sur MIPS avec delay slot
15,LEVEL_15,Giant Clank — niveau 4,0x0917AA60,0x0917AA58,0x0917A17C,WF-003,VANILLA,$ra = adresse du jal + 8 sur MIPS avec delay slot
15,LEVEL_15,Giant Clank — niveau 4,0x09182524,0x0918251C,0x091824BC,WF-004,VANILLA,$ra = adresse du jal + 8 sur MIPS avec delay slot
21,LEVEL_21,Giant Clank — niveau 7,0x09176534,0x0917652C,0x091762CC,WF-002,VANILLA,$ra = adresse du jal + 8 sur MIPS avec delay slot
21,LEVEL_21,Giant Clank — niveau 7,0x09176C10,0x09176C08,0x09176664,WF-001,VANILLA,$ra = adresse du jal + 8 sur MIPS avec delay slot
21,LEVEL_21,Giant Clank — niveau 7,0x09176C44,0x09176C3C,0x09176664,WF-001,VANILLA,$ra = adresse du jal + 8 sur MIPS avec delay slot
21,LEVEL_21,Giant Clank — niveau 7,0x09176DC0,0x09176DB8,0x09176664,WF-001,VANILLA,$ra = adresse du jal + 8 sur MIPS avec delay slot
21,LEVEL_21,Giant Clank — niveau 7,0x0917AA60,0x0917AA58,0x0917A17C,WF-003,VANILLA,$ra = adresse du jal + 8 sur MIPS avec delay slot
21,LEVEL_21,Giant Clank — niveau 7,0x09182524,0x0918251C,0x091824BC,WF-004,VANILLA,$ra = adresse du jal + 8 sur MIPS avec delay slot
22,LEVEL_22,Airboard — niveau 3,0x09147AE4,0x09147ADC,0x09147AA8,WF-005,VANILLA,$ra = adresse du jal + 8 sur MIPS avec delay slot
22,LEVEL_22,Airboard — niveau 3,0x09147B00,0x09147AF8,0x09147AA8,WF-005,VANILLA,$ra = adresse du jal + 8 sur MIPS avec delay slot
22,LEVEL_22,Airboard — niveau 3,0x09147B1C,0x09147B14,0x09147AA8,WF-005,VANILLA,$ra = adresse du jal + 8 sur MIPS avec delay slot
22,LEVEL_22,Airboard — niveau 3,0x0917A3B8,0x0917A3B0,0x0917A150,WF-002,VANILLA,$ra = adresse du jal + 8 sur MIPS avec delay slot
22,LEVEL_22,Airboard — niveau 3,0x0917AA94,0x0917AA8C,0x0917A4E8,WF-001,VANILLA,$ra = adresse du jal + 8 sur MIPS avec delay slot
22,LEVEL_22,Airboard — niveau 3,0x0917AAC8,0x0917AAC0,0x0917A4E8,WF-001,VANILLA,$ra = adresse du jal + 8 sur MIPS avec delay slot
22,LEVEL_22,Airboard — niveau 3,0x0917AC44,0x0917AC3C,0x0917A4E8,WF-001,VANILLA,$ra = adresse du jal + 8 sur MIPS avec delay slot
22,LEVEL_22,Airboard — niveau 3,0x0917E8E4,0x0917E8DC,0x0917E000,WF-003,VANILLA,$ra = adresse du jal + 8 sur MIPS avec delay slot
22,LEVEL_22,Airboard — niveau 3,0x091867C0,0x091867B8,0x09186758,WF-004,VANILLA,$ra = adresse du jal + 8 sur MIPS avec delay slot
22,LEVEL_22,Airboard — niveau 3,0x0923E378,0x0923E370,0x0923E314,WF-006,VANILLA,$ra = adresse du jal + 8 sur MIPS avec delay slot
22,LEVEL_22,Airboard — niveau 3,0x09242F7C,0x09242F74,0x09242C50,WF-024,VANILLA,$ra = adresse du jal + 8 sur MIPS avec delay slot
23,LEVEL_23,Airboard — niveau 6,0x09148128,0x09148120,0x091480EC,WF-005,VANILLA,$ra = adresse du jal + 8 sur MIPS avec delay slot
23,LEVEL_23,Airboard — niveau 6,0x09148144,0x0914813C,0x091480EC,WF-005,VANILLA,$ra = adresse du jal + 8 sur MIPS avec delay slot
23,LEVEL_23,Airboard — niveau 6,0x09148160,0x09148158,0x091480EC,WF-005,VANILLA,$ra = adresse du jal + 8 sur MIPS avec delay slot
23,LEVEL_23,Airboard — niveau 6,0x09149D60,0x09149D58,0x09149ABC,WF-015,VANILLA,$ra = adresse du jal + 8 sur MIPS avec delay slot
23,LEVEL_23,Airboard — niveau 6,0x0917D5FC,0x0917D5F4,0x0917D394,WF-002,VANILLA,$ra = adresse du jal + 8 sur MIPS avec delay slot
23,LEVEL_23,Airboard — niveau 6,0x0917DCD8,0x0917DCD0,0x0917D72C,WF-001,VANILLA,$ra = adresse du jal + 8 sur MIPS avec delay slot
23,LEVEL_23,Airboard — niveau 6,0x0917DD0C,0x0917DD04,0x0917D72C,WF-001,VANILLA,$ra = adresse du jal + 8 sur MIPS avec delay slot
23,LEVEL_23,Airboard — niveau 6,0x0917DE88,0x0917DE80,0x0917D72C,WF-001,VANILLA,$ra = adresse du jal + 8 sur MIPS avec delay slot
23,LEVEL_23,Airboard — niveau 6,0x09181B28,0x09181B20,0x09181244,WF-003,VANILLA,$ra = adresse du jal + 8 sur MIPS avec delay slot
23,LEVEL_23,Airboard — niveau 6,0x09189A9C,0x09189A94,0x09189A34,WF-004,VANILLA,$ra = adresse du jal + 8 sur MIPS avec delay slot
23,LEVEL_23,Airboard — niveau 6,0x09238990,0x09238988,0x09238920,WF-008,VANILLA,$ra = adresse du jal + 8 sur MIPS avec delay slot
23,LEVEL_23,Airboard — niveau 6,0x092389B0,0x092389A8,0x09238920,WF-008,VANILLA,$ra = adresse du jal + 8 sur MIPS avec delay slot
23,LEVEL_23,Airboard — niveau 6,0x09238C10,0x09238C08,0x09238B3C,WF-009,VANILLA,$ra = adresse du jal + 8 sur MIPS avec delay slot
23,LEVEL_23,Airboard — niveau 6,0x09238C30,0x09238C28,0x09238B3C,WF-009,VANILLA,$ra = adresse du jal + 8 sur MIPS avec delay slot
23,LEVEL_23,Airboard — niveau 6,0x09238E60,0x09238E58,0x09238E04,WF-007,VANILLA,$ra = adresse du jal + 8 sur MIPS avec delay slot
23,LEVEL_23,Airboard — niveau 6,0x09238EE0,0x09238ED8,0x09238E04,WF-007,VANILLA,$ra = adresse du jal + 8 sur MIPS avec delay slot
23,LEVEL_23,Airboard — niveau 6,0x09238F08,0x09238F00,0x09238E04,WF-007,VANILLA,$ra = adresse du jal + 8 sur MIPS avec delay slot
23,LEVEL_23,Airboard — niveau 6,0x0923B8EC,0x0923B8E4,0x0923B7D0,WF-010,VANILLA,$ra = adresse du jal + 8 sur MIPS avec delay slot
23,LEVEL_23,Airboard — niveau 6,0x0923B9AC,0x0923B9A4,0x0923B7D0,WF-010,VANILLA,$ra = adresse du jal + 8 sur MIPS avec delay slot
23,LEVEL_23,Airboard — niveau 6,0x0927E8B0,0x0927E8A8,0x0927E84C,WF-006,VANILLA,$ra = adresse du jal + 8 sur MIPS avec delay slot
23,LEVEL_23,Airboard — niveau 6,0x09290A94,0x09290A8C,0x09290768,WF-024,VANILLA,$ra = adresse du jal + 8 sur MIPS avec delay slot
23,LEVEL_23,Airboard — niveau 6,0x0929E8B4,0x0929E8AC,0x0929E7F4,WF-012,VANILLA,$ra = adresse du jal + 8 sur MIPS avec delay slot
23,LEVEL_23,Airboard — niveau 6,0x0929EFA0,0x0929EF98,0x0929EF48,WF-011,VANILLA,$ra = adresse du jal + 8 sur MIPS avec delay slot
23,LEVEL_23,Airboard — niveau 6,0x0929EFBC,0x0929EFB4,0x0929EF48,WF-011,VANILLA,$ra = adresse du jal + 8 sur MIPS avec delay slot
24,LEVEL_24,HIG Treehouse,0x09147D48,0x09147D40,0x09147D0C,WF-005,VANILLA,$ra = adresse du jal + 8 sur MIPS avec delay slot
24,LEVEL_24,HIG Treehouse,0x09147D64,0x09147D5C,0x09147D0C,WF-005,VANILLA,$ra = adresse du jal + 8 sur MIPS avec delay slot
24,LEVEL_24,HIG Treehouse,0x09147D80,0x09147D78,0x09147D0C,WF-005,VANILLA,$ra = adresse du jal + 8 sur MIPS avec delay slot
24,LEVEL_24,HIG Treehouse,0x09149C74,0x09149C6C,0x091499D0,WF-015,VANILLA,$ra = adresse du jal + 8 sur MIPS avec delay slot
24,LEVEL_24,HIG Treehouse,0x0917D408,0x0917D400,0x0917D1A0,WF-002,VANILLA,$ra = adresse du jal + 8 sur MIPS avec delay slot
24,LEVEL_24,HIG Treehouse,0x0917DAE4,0x0917DADC,0x0917D538,WF-001,VANILLA,$ra = adresse du jal + 8 sur MIPS avec delay slot
24,LEVEL_24,HIG Treehouse,0x0917DB18,0x0917DB10,0x0917D538,WF-001,VANILLA,$ra = adresse du jal + 8 sur MIPS avec delay slot
24,LEVEL_24,HIG Treehouse,0x0917DC94,0x0917DC8C,0x0917D538,WF-001,VANILLA,$ra = adresse du jal + 8 sur MIPS avec delay slot
24,LEVEL_24,HIG Treehouse,0x09181DBC,0x09181DB4,0x091814D8,WF-003,VANILLA,$ra = adresse du jal + 8 sur MIPS avec delay slot
24,LEVEL_24,HIG Treehouse,0x09189930,0x09189928,0x091898C8,WF-004,VANILLA,$ra = adresse du jal + 8 sur MIPS avec delay slot
24,LEVEL_24,HIG Treehouse,0x0923B27C,0x0923B274,0x0923B20C,WF-008,VANILLA,$ra = adresse du jal + 8 sur MIPS avec delay slot
24,LEVEL_24,HIG Treehouse,0x0923B29C,0x0923B294,0x0923B20C,WF-008,VANILLA,$ra = adresse du jal + 8 sur MIPS avec delay slot
24,LEVEL_24,HIG Treehouse,0x0923B4FC,0x0923B4F4,0x0923B428,WF-009,VANILLA,$ra = adresse du jal + 8 sur MIPS avec delay slot
24,LEVEL_24,HIG Treehouse,0x0923B51C,0x0923B514,0x0923B428,WF-009,VANILLA,$ra = adresse du jal + 8 sur MIPS avec delay slot
24,LEVEL_24,HIG Treehouse,0x0923B74C,0x0923B744,0x0923B6F0,WF-007,VANILLA,$ra = adresse du jal + 8 sur MIPS avec delay slot
24,LEVEL_24,HIG Treehouse,0x0923B7CC,0x0923B7C4,0x0923B6F0,WF-007,VANILLA,$ra = adresse du jal + 8 sur MIPS avec delay slot
24,LEVEL_24,HIG Treehouse,0x0923B7F4,0x0923B7EC,0x0923B6F0,WF-007,VANILLA,$ra = adresse du jal + 8 sur MIPS avec delay slot
24,LEVEL_24,HIG Treehouse,0x0923E1D8,0x0923E1D0,0x0923E0BC,WF-010,VANILLA,$ra = adresse du jal + 8 sur MIPS avec delay slot
24,LEVEL_24,HIG Treehouse,0x0923E298,0x0923E290,0x0923E0BC,WF-010,VANILLA,$ra = adresse du jal + 8 sur MIPS avec delay slot
24,LEVEL_24,HIG Treehouse,0x0927CE44,0x0927CE3C,0x0927CDE0,WF-006,VANILLA,$ra = adresse du jal + 8 sur MIPS avec delay slot
24,LEVEL_24,HIG Treehouse,0x0929C558,0x0929C550,0x0929C498,WF-012,VANILLA,$ra = adresse du jal + 8 sur MIPS avec delay slot
24,LEVEL_24,HIG Treehouse,0x0929CC44,0x0929CC3C,0x0929CBEC,WF-011,VANILLA,$ra = adresse du jal + 8 sur MIPS avec delay slot
24,LEVEL_24,HIG Treehouse,0x0929CC60,0x0929CC58,0x0929CBEC,WF-011,VANILLA,$ra = adresse du jal + 8 sur MIPS avec delay slot
