module_index,module_key,level,family_id,callsite_runtime,delay_slot_runtime,mips_ra_runtime,wrapper_entry_runtime,expected_original_jal_word,replacement_formula,default_policy
1,LEVEL_01,Pokitaru,WF-005,0x09148228,0x0914822C,0x09148230,0x0914805C,0x0E452017,0x0C000000 | ((profiler_hook >> 2) & 0x03FFFFFF),VANILLA
1,LEVEL_01,Pokitaru,WF-005,0x09148244,0x09148248,0x0914824C,0x0914805C,0x0E452017,0x0C000000 | ((profiler_hook >> 2) & 0x03FFFFFF),VANILLA
1,LEVEL_01,Pokitaru,WF-005,0x09148260,0x09148264,0x09148268,0x0914805C,0x0E452017,0x0C000000 | ((profiler_hook >> 2) & 0x03FFFFFF),VANILLA
1,LEVEL_01,Pokitaru,WF-013,0x091484A4,0x091484A8,0x091484AC,0x0914805C,0x0E452017,0x0C000000 | ((profiler_hook >> 2) & 0x03FFFFFF),VANILLA
1,LEVEL_01,Pokitaru,WF-013,0x091484C8,0x091484CC,0x091484D0,0x0914805C,0x0E452017,0x0C000000 | ((profiler_hook >> 2) & 0x03FFFFFF),VANILLA
1,LEVEL_01,Pokitaru,WF-015,0x0914AAE0,0x0914AAE4,0x0914AAE8,0x0914805C,0x0E452017,0x0C000000 | ((profiler_hook >> 2) & 0x03FFFFFF),VANILLA
1,LEVEL_01,Pokitaru,WF-014,0x09162C88,0x09162C8C,0x09162C90,0x0914805C,0x0E452017,0x0C000000 | ((profiler_hook >> 2) & 0x03FFFFFF),VANILLA
1,LEVEL_01,Pokitaru,WF-014,0x09162CAC,0x09162CB0,0x09162CB4,0x0914805C,0x0E452017,0x0C000000 | ((profiler_hook >> 2) & 0x03FFFFFF),VANILLA
1,LEVEL_01,Pokitaru,WF-014,0x09162CD0,0x09162CD4,0x09162CD8,0x0914805C,0x0E452017,0x0C000000 | ((profiler_hook >> 2) & 0x03FFFFFF),VANILLA
1,LEVEL_01,Pokitaru,WF-021,0x091632F0,0x091632F4,0x091632F8,0x0914805C,0x0E452017,0x0C000000 | ((profiler_hook >> 2) & 0x03FFFFFF),VANILLA
1,LEVEL_01,Pokitaru,WF-017,0x09165C20,0x09165C24,0x09165C28,0x0914805C,0x0E452017,0x0C000000 | ((profiler_hook >> 2) & 0x03FFFFFF),VANILLA
1,LEVEL_01,Pokitaru,WF-017,0x09165C44,0x09165C48,0x09165C4C,0x0914805C,0x0E452017,0x0C000000 | ((profiler_hook >> 2) & 0x03FFFFFF),VANILLA
1,LEVEL_01,Pokitaru,WF-017,0x09165C68,0x09165C6C,0x09165C70,0x0914805C,0x0E452017,0x0C000000 | ((profiler_hook >> 2) & 0x03FFFFFF),VANILLA
1,LEVEL_01,Pokitaru,WF-002,0x091840B8,0x091840BC,0x091840C0,0x0914805C,0x0E452017,0x0C000000 | ((profiler_hook >> 2) & 0x03FFFFFF),VANILLA
1,LEVEL_01,Pokitaru,WF-001,0x09184794,0x09184798,0x0918479C,0x0914805C,0x0E452017,0x0C000000 | ((profiler_hook >> 2) & 0x03FFFFFF),VANILLA
1,LEVEL_01,Pokitaru,WF-001,0x091847C8,0x091847CC,0x091847D0,0x0914805C,0x0E452017,0x0C000000 | ((profiler_hook >> 2) & 0x03FFFFFF),VANILLA
1,LEVEL_01,Pokitaru,WF-001,0x09184944,0x09184948,0x0918494C,0x0914805C,0x0E452017,0x0C000000 | ((profiler_hook >> 2) & 0x03FFFFFF),VANILLA
1,LEVEL_01,Pokitaru,WF-003,0x091885E4,0x091885E8,0x091885EC,0x0914805C,0x0E452017,0x0C000000 | ((profiler_hook >> 2) & 0x03FFFFFF),VANILLA
1,LEVEL_01,Pokitaru,WF-004,0x091900A8,0x091900AC,0x091900B0,0x0914805C,0x0E452017,0x0C000000 | ((profiler_hook >> 2) & 0x03FFFFFF),VANILLA
1,LEVEL_01,Pokitaru,WF-008,0x09244D1C,0x09244D20,0x09244D24,0x0914805C,0x0E452017,0x0C000000 | ((profiler_hook >> 2) & 0x03FFFFFF),VANILLA
1,LEVEL_01,Pokitaru,WF-008,0x09244D3C,0x09244D40,0x09244D44,0x0914805C,0x0E452017,0x0C000000 | ((profiler_hook >> 2) & 0x03FFFFFF),VANILLA
1,LEVEL_01,Pokitaru,WF-009,0x09244F9C,0x09244FA0,0x09244FA4,0x0914805C,0x0E452017,0x0C000000 | ((profiler_hook >> 2) & 0x03FFFFFF),VANILLA
1,LEVEL_01,Pokitaru,WF-009,0x09244FBC,0x09244FC0,0x09244FC4,0x0914805C,0x0E452017,0x0C000000 | ((profiler_hook >> 2) & 0x03FFFFFF),VANILLA
1,LEVEL_01,Pokitaru,WF-007,0x092451EC,0x092451F0,0x092451F4,0x0914805C,0x0E452017,0x0C000000 | ((profiler_hook >> 2) & 0x03FFFFFF),VANILLA
1,LEVEL_01,Pokitaru,WF-007,0x0924526C,0x09245270,0x09245274,0x0914805C,0x0E452017,0x0C000000 | ((profiler_hook >> 2) & 0x03FFFFFF),VANILLA
1,LEVEL_01,Pokitaru,WF-007,0x09245294,0x09245298,0x0924529C,0x0914805C,0x0E452017,0x0C000000 | ((profiler_hook >> 2) & 0x03FFFFFF),VANILLA
1,LEVEL_01,Pokitaru,WF-010,0x09247C78,0x09247C7C,0x09247C80,0x0914805C,0x0E452017,0x0C000000 | ((profiler_hook >> 2) & 0x03FFFFFF),VANILLA
1,LEVEL_01,Pokitaru,WF-010,0x09247D38,0x09247D3C,0x09247D40,0x0914805C,0x0E452017,0x0C000000 | ((profiler_hook >> 2) & 0x03FFFFFF),VANILLA
1,LEVEL_01,Pokitaru,WF-051,0x0925C844,0x0925C848,0x0925C84C,0x0914805C,0x0E452017,0x0C000000 | ((profiler_hook >> 2) & 0x03FFFFFF),VANILLA
1,LEVEL_01,Pokitaru,WF-031,0x09262A34,0x09262A38,0x09262A3C,0x0914805C,0x0E452017,0x0C000000 | ((profiler_hook >> 2) & 0x03FFFFFF),VANILLA
1,LEVEL_01,Pokitaru,WF-047,0x09268694,0x09268698,0x0926869C,0x0914805C,0x0E452017,0x0C000000 | ((profiler_hook >> 2) & 0x03FFFFFF),VANILLA
1,LEVEL_01,Pokitaru,WF-033,0x09268764,0x09268768,0x0926876C,0x0914805C,0x0E452017,0x0C000000 | ((profiler_hook >> 2) & 0x03FFFFFF),VANILLA
1,LEVEL_01,Pokitaru,WF-033,0x09268780,0x09268784,0x09268788,0x0914805C,0x0E452017,0x0C000000 | ((profiler_hook >> 2) & 0x03FFFFFF),VANILLA
1,LEVEL_01,Pokitaru,WF-033,0x0926879C,0x092687A0,0x092687A4,0x0914805C,0x0E452017,0x0C000000 | ((profiler_hook >> 2) & 0x03FFFFFF),VANILLA
1,LEVEL_01,Pokitaru,WF-033,0x0926890C,0x09268910,0x09268914,0x0914805C,0x0E452017,0x0C000000 | ((profiler_hook >> 2) & 0x03FFFFFF),VANILLA
1,LEVEL_01,Pokitaru,WF-033,0x09268930,0x09268934,0x09268938,0x0914805C,0x0E452017,0x0C000000 | ((profiler_hook >> 2) & 0x03FFFFFF),VANILLA
1,LEVEL_01,Pokitaru,WF-033,0x0926894C,0x09268950,0x09268954,0x0914805C,0x0E452017,0x0C000000 | ((profiler_hook >> 2) & 0x03FFFFFF),VANILLA
1,LEVEL_01,Pokitaru,WF-016,0x0927DFFC,0x0927E000,0x0927E004,0x0914805C,0x0E452017,0x0C000000 | ((profiler_hook >> 2) & 0x03FFFFFF),VANILLA
1,LEVEL_01,Pokitaru,WF-016,0x0927E2A0,0x0927E2A4,0x0927E2A8,0x0914805C,0x0E452017,0x0C000000 | ((profiler_hook >> 2) & 0x03FFFFFF),VANILLA
1,LEVEL_01,Pokitaru,WF-036,0x09288C28,0x09288C2C,0x09288C30,0x0914805C,0x0E452017,0x0C000000 | ((profiler_hook >> 2) & 0x03FFFFFF),VANILLA
1,LEVEL_01,Pokitaru,WF-036,0x092892C4,0x092892C8,0x092892CC,0x0914805C,0x0E452017,0x0C000000 | ((profiler_hook >> 2) & 0x03FFFFFF),VANILLA
1,LEVEL_01,Pokitaru,WF-036,0x09289668,0x0928966C,0x09289670,0x0914805C,0x0E452017,0x0C000000 | ((profiler_hook >> 2) & 0x03FFFFFF),VANILLA
1,LEVEL_01,Pokitaru,WF-046,0x0928A5C8,0x0928A5CC,0x0928A5D0,0x0914805C,0x0E452017,0x0C000000 | ((profiler_hook >> 2) & 0x03FFFFFF),VANILLA
1,LEVEL_01,Pokitaru,WF-006,0x092998C4,0x092998C8,0x092998CC,0x0914805C,0x0E452017,0x0C000000 | ((profiler_hook >> 2) & 0x03FFFFFF),VANILLA
1,LEVEL_01,Pokitaru,WF-027,0x092A563C,0x092A5640,0x092A5644,0x0914805C,0x0E452017,0x0C000000 | ((profiler_hook >> 2) & 0x03FFFFFF),VANILLA
1,LEVEL_01,Pokitaru,WF-027,0x092A5658,0x092A565C,0x092A5660,0x0914805C,0x0E452017,0x0C000000 | ((profiler_hook >> 2) & 0x03FFFFFF),VANILLA
1,LEVEL_01,Pokitaru,WF-027,0x092A5940,0x092A5944,0x092A5948,0x0914805C,0x0E452017,0x0C000000 | ((profiler_hook >> 2) & 0x03FFFFFF),VANILLA
1,LEVEL_01,Pokitaru,WF-027,0x092A5964,0x092A5968,0x092A596C,0x0914805C,0x0E452017,0x0C000000 | ((profiler_hook >> 2) & 0x03FFFFFF),VANILLA
1,LEVEL_01,Pokitaru,WF-027,0x092A5A30,0x092A5A34,0x092A5A38,0x0914805C,0x0E452017,0x0C000000 | ((profiler_hook >> 2) & 0x03FFFFFF),VANILLA
1,LEVEL_01,Pokitaru,WF-030,0x092B79AC,0x092B79B0,0x092B79B4,0x0914805C,0x0E452017,0x0C000000 | ((profiler_hook >> 2) & 0x03FFFFFF),VANILLA
1,LEVEL_01,Pokitaru,WF-019,0x092C1424,0x092C1428,0x092C142C,0x0914805C,0x0E452017,0x0C000000 | ((profiler_hook >> 2) & 0x03FFFFFF),VANILLA
1,LEVEL_01,Pokitaru,WF-019,0x092C16A4,0x092C16A8,0x092C16AC,0x0914805C,0x0E452017,0x0C000000 | ((profiler_hook >> 2) & 0x03FFFFFF),VANILLA
1,LEVEL_01,Pokitaru,WF-012,0x092C9FAC,0x092C9FB0,0x092C9FB4,0x0914805C,0x0E452017,0x0C000000 | ((profiler_hook >> 2) & 0x03FFFFFF),VANILLA
1,LEVEL_01,Pokitaru,WF-011,0x092CA698,0x092CA69C,0x092CA6A0,0x0914805C,0x0E452017,0x0C000000 | ((profiler_hook >> 2) & 0x03FFFFFF),VANILLA
1,LEVEL_01,Pokitaru,WF-011,0x092CA6B4,0x092CA6B8,0x092CA6BC,0x0914805C,0x0E452017,0x0C000000 | ((profiler_hook >> 2) & 0x03FFFFFF),VANILLA
2,LEVEL_02,Ryllus,WF-005,0x0914828C,0x09148290,0x09148294,0x09148040,0x0E452010,0x0C000000 | ((profiler_hook >> 2) & 0x03FFFFFF),VANILLA
2,LEVEL_02,Ryllus,WF-005,0x091482A8,0x091482AC,0x091482B0,0x09148040,0x0E452010,0x0C000000 | ((profiler_hook >> 2) & 0x03FFFFFF),VANILLA
2,LEVEL_02,Ryllus,WF-005,0x091482C4,0x091482C8,0x091482CC,0x09148040,0x0E452010,0x0C000000 | ((profiler_hook >> 2) & 0x03FFFFFF),VANILLA
2,LEVEL_02,Ryllus,WF-013,0x09148508,0x0914850C,0x09148510,0x09148040,0x0E452010,0x0C000000 | ((profiler_hook >> 2) & 0x03FFFFFF),VANILLA
2,LEVEL_02,Ryllus,WF-013,0x0914852C,0x09148530,0x09148534,0x09148040,0x0E452010,0x0C000000 | ((profiler_hook >> 2) & 0x03FFFFFF),VANILLA
2,LEVEL_02,Ryllus,WF-020,0x091486A8,0x091486AC,0x091486B0,0x09148040,0x0E452010,0x0C000000 | ((profiler_hook >> 2) & 0x03FFFFFF),VANILLA
2,LEVEL_02,Ryllus,WF-020,0x091486C8,0x091486CC,0x091486D0,0x09148040,0x0E452010,0x0C000000 | ((profiler_hook >> 2) & 0x03FFFFFF),VANILLA
2,LEVEL_02,Ryllus,WF-015,0x0914B07C,0x0914B080,0x0914B084,0x09148040,0x0E452010,0x0C000000 | ((profiler_hook >> 2) & 0x03FFFFFF),VANILLA
2,LEVEL_02,Ryllus,WF-014,0x09163028,0x0916302C,0x09163030,0x09148040,0x0E452010,0x0C000000 | ((profiler_hook >> 2) & 0x03FFFFFF),VANILLA
2,LEVEL_02,Ryllus,WF-014,0x0916304C,0x09163050,0x09163054,0x09148040,0x0E452010,0x0C000000 | ((profiler_hook >> 2) & 0x03FFFFFF),VANILLA
2,LEVEL_02,Ryllus,WF-014,0x09163070,0x09163074,0x09163078,0x09148040,0x0E452010,0x0C000000 | ((profiler_hook >> 2) & 0x03FFFFFF),VANILLA
2,LEVEL_02,Ryllus,WF-021,0x0916358C,0x09163590,0x09163594,0x09148040,0x0E452010,0x0C000000 | ((profiler_hook >> 2) & 0x03FFFFFF),VANILLA
2,LEVEL_02,Ryllus,WF-017,0x09165F1C,0x09165F20,0x09165F24,0x09148040,0x0E452010,0x0C000000 | ((profiler_hook >> 2) & 0x03FFFFFF),VANILLA
2,LEVEL_02,Ryllus,WF-017,0x09165F40,0x09165F44,0x09165F48,0x09148040,0x0E452010,0x0C000000 | ((profiler_hook >> 2) & 0x03FFFFFF),VANILLA
2,LEVEL_02,Ryllus,WF-017,0x09165F64,0x09165F68,0x09165F6C,0x09148040,0x0E452010,0x0C000000 | ((profiler_hook >> 2) & 0x03FFFFFF),VANILLA
2,LEVEL_02,Ryllus,WF-022,0x09167550,0x09167554,0x09167558,0x09148040,0x0E452010,0x0C000000 | ((profiler_hook >> 2) & 0x03FFFFFF),VANILLA
2,LEVEL_02,Ryllus,WF-023,0x0916A3B4,0x0916A3B8,0x0916A3BC,0x09148040,0x0E452010,0x0C000000 | ((profiler_hook >> 2) & 0x03FFFFFF),VANILLA
2,LEVEL_02,Ryllus,WF-023,0x0916A54C,0x0916A550,0x0916A554,0x09148040,0x0E452010,0x0C000000 | ((profiler_hook >> 2) & 0x03FFFFFF),VANILLA
2,LEVEL_02,Ryllus,WF-002,0x0918896C,0x09188970,0x09188974,0x09148040,0x0E452010,0x0C000000 | ((profiler_hook >> 2) & 0x03FFFFFF),VANILLA
2,LEVEL_02,Ryllus,WF-001,0x09189048,0x0918904C,0x09189050,0x09148040,0x0E452010,0x0C000000 | ((profiler_hook >> 2) & 0x03FFFFFF),VANILLA
2,LEVEL_02,Ryllus,WF-001,0x0918907C,0x09189080,0x09189084,0x09148040,0x0E452010,0x0C000000 | ((profiler_hook >> 2) & 0x03FFFFFF),VANILLA
2,LEVEL_02,Ryllus,WF-001,0x091891F8,0x091891FC,0x09189200,0x09148040,0x0E452010,0x0C000000 | ((profiler_hook >> 2) & 0x03FFFFFF),VANILLA
2,LEVEL_02,Ryllus,WF-003,0x0918CE98,0x0918CE9C,0x0918CEA0,0x09148040,0x0E452010,0x0C000000 | ((profiler_hook >> 2) & 0x03FFFFFF),VANILLA
2,LEVEL_02,Ryllus,WF-004,0x09194ADC,0x09194AE0,0x09194AE4,0x09148040,0x0E452010,0x0C000000 | ((profiler_hook >> 2) & 0x03FFFFFF),VANILLA
2,LEVEL_02,Ryllus,WF-008,0x0924A68C,0x0924A690,0x0924A694,0x09148040,0x0E452010,0x0C000000 | ((profiler_hook >> 2) & 0x03FFFFFF),VANILLA
2,LEVEL_02,Ryllus,WF-008,0x0924A6AC,0x0924A6B0,0x0924A6B4,0x09148040,0x0E452010,0x0C000000 | ((profiler_hook >> 2) & 0x03FFFFFF),VANILLA
2,LEVEL_02,Ryllus,WF-009,0x0924A90C,0x0924A910,0x0924A914,0x09148040,0x0E452010,0x0C000000 | ((profiler_hook >> 2) & 0x03FFFFFF),VANILLA
2,LEVEL_02,Ryllus,WF-009,0x0924A92C,0x0924A930,0x0924A934,0x09148040,0x0E452010,0x0C000000 | ((profiler_hook >> 2) & 0x03FFFFFF),VANILLA
2,LEVEL_02,Ryllus,WF-007,0x0924AB5C,0x0924AB60,0x0924AB64,0x09148040,0x0E452010,0x0C000000 | ((profiler_hook >> 2) & 0x03FFFFFF),VANILLA
2,LEVEL_02,Ryllus,WF-007,0x0924ABDC,0x0924ABE0,0x0924ABE4,0x09148040,0x0E452010,0x0C000000 | ((profiler_hook >> 2) & 0x03FFFFFF),VANILLA
2,LEVEL_02,Ryllus,WF-007,0x0924AC04,0x0924AC08,0x0924AC0C,0x09148040,0x0E452010,0x0C000000 | ((profiler_hook >> 2) & 0x03FFFFFF),VANILLA
2,LEVEL_02,Ryllus,WF-010,0x0924D5E8,0x0924D5EC,0x0924D5F0,0x09148040,0x0E452010,0x0C000000 | ((profiler_hook >> 2) & 0x03FFFFFF),VANILLA
2,LEVEL_02,Ryllus,WF-010,0x0924D6A8,0x0924D6AC,0x0924D6B0,0x09148040,0x0E452010,0x0C000000 | ((profiler_hook >> 2) & 0x03FFFFFF),VANILLA
2,LEVEL_02,Ryllus,WF-032,0x092632BC,0x092632C0,0x092632C4,0x09148040,0x0E452010,0x0C000000 | ((profiler_hook >> 2) & 0x03FFFFFF),VANILLA
2,LEVEL_02,Ryllus,WF-032,0x092632FC,0x09263300,0x09263304,0x09148040,0x0E452010,0x0C000000 | ((profiler_hook >> 2) & 0x03FFFFFF),VANILLA
2,LEVEL_02,Ryllus,WF-032,0x09263318,0x0926331C,0x09263320,0x09148040,0x0E452010,0x0C000000 | ((profiler_hook >> 2) & 0x03FFFFFF),VANILLA
2,LEVEL_02,Ryllus,WF-032,0x09263354,0x09263358,0x0926335C,0x09148040,0x0E452010,0x0C000000 | ((profiler_hook >> 2) & 0x03FFFFFF),VANILLA
2,LEVEL_02,Ryllus,WF-032,0x09263370,0x09263374,0x09263378,0x09148040,0x0E452010,0x0C000000 | ((profiler_hook >> 2) & 0x03FFFFFF),VANILLA
2,LEVEL_02,Ryllus,WF-032,0x0926338C,0x09263390,0x09263394,0x09148040,0x0E452010,0x0C000000 | ((profiler_hook >> 2) & 0x03FFFFFF),VANILLA
2,LEVEL_02,Ryllus,WF-032,0x09263564,0x09263568,0x0926356C,0x09148040,0x0E452010,0x0C000000 | ((profiler_hook >> 2) & 0x03FFFFFF),VANILLA
2,LEVEL_02,Ryllus,WF-032,0x09263648,0x0926364C,0x09263650,0x09148040,0x0E452010,0x0C000000 | ((profiler_hook >> 2) & 0x03FFFFFF),VANILLA
2,LEVEL_02,Ryllus,WF-032,0x09263664,0x09263668,0x0926366C,0x09148040,0x0E452010,0x0C000000 | ((profiler_hook >> 2) & 0x03FFFFFF),VANILLA
2,LEVEL_02,Ryllus,WF-032,0x09263680,0x09263684,0x09263688,0x09148040,0x0E452010,0x0C000000 | ((profiler_hook >> 2) & 0x03FFFFFF),VANILLA
2,LEVEL_02,Ryllus,WF-026,0x09264A20,0x09264A24,0x09264A28,0x09148040,0x0E452010,0x0C000000 | ((profiler_hook >> 2) & 0x03FFFFFF),VANILLA
2,LEVEL_02,Ryllus,WF-025,0x09264E1C,0x09264E20,0x09264E24,0x09148040,0x0E452010,0x0C000000 | ((profiler_hook >> 2) & 0x03FFFFFF),VANILLA
2,LEVEL_02,Ryllus,WF-057,0x0926558C,0x09265590,0x09265594,0x09148040,0x0E452010,0x0C000000 | ((profiler_hook >> 2) & 0x03FFFFFF),VANILLA
2,LEVEL_02,Ryllus,WF-031,0x092755AC,0x092755B0,0x092755B4,0x09148040,0x0E452010,0x0C000000 | ((profiler_hook >> 2) & 0x03FFFFFF),VANILLA
2,LEVEL_02,Ryllus,WF-043,0x0927BA84,0x0927BA88,0x0927BA8C,0x09148040,0x0E452010,0x0C000000 | ((profiler_hook >> 2) & 0x03FFFFFF),VANILLA
2,LEVEL_02,Ryllus,WF-055,0x0929F4B4,0x0929F4B8,0x0929F4BC,0x09148040,0x0E452010,0x0C000000 | ((profiler_hook >> 2) & 0x03FFFFFF),VANILLA
2,LEVEL_02,Ryllus,WF-037,0x0929FEA8,0x0929FEAC,0x0929FEB0,0x09148040,0x0E452010,0x0C000000 | ((profiler_hook >> 2) & 0x03FFFFFF),VANILLA
2,LEVEL_02,Ryllus,WF-037,0x092A018C,0x092A0190,0x092A0194,0x09148040,0x0E452010,0x0C000000 | ((profiler_hook >> 2) & 0x03FFFFFF),VANILLA
2,LEVEL_02,Ryllus,WF-037,0x092A040C,0x092A0410,0x092A0414,0x09148040,0x0E452010,0x0C000000 | ((profiler_hook >> 2) & 0x03FFFFFF),VANILLA
2,LEVEL_02,Ryllus,WF-053,0x092A9668,0x092A966C,0x092A9670,0x09148040,0x0E452010,0x0C000000 | ((profiler_hook >> 2) & 0x03FFFFFF),VANILLA
2,LEVEL_02,Ryllus,WF-006,0x092AF208,0x092AF20C,0x092AF210,0x09148040,0x0E452010,0x0C000000 | ((profiler_hook >> 2) & 0x03FFFFFF),VANILLA
2,LEVEL_02,Ryllus,WF-012,0x092DFEA8,0x092DFEAC,0x092DFEB0,0x09148040,0x0E452010,0x0C000000 | ((profiler_hook >> 2) & 0x03FFFFFF),VANILLA
2,LEVEL_02,Ryllus,WF-011,0x092E0594,0x092E0598,0x092E059C,0x09148040,0x0E452010,0x0C000000 | ((profiler_hook >> 2) & 0x03FFFFFF),VANILLA
2,LEVEL_02,Ryllus,WF-011,0x092E05B0,0x092E05B4,0x092E05B8,0x09148040,0x0E452010,0x0C000000 | ((profiler_hook >> 2) & 0x03FFFFFF),VANILLA
3,LEVEL_03,Kalidon,WF-005,0x091482CC,0x091482D0,0x091482D4,0x09148080,0x0E452020,0x0C000000 | ((profiler_hook >> 2) & 0x03FFFFFF),VANILLA
3,LEVEL_03,Kalidon,WF-005,0x091482E8,0x091482EC,0x091482F0,0x09148080,0x0E452020,0x0C000000 | ((profiler_hook >> 2) & 0x03FFFFFF),VANILLA
3,LEVEL_03,Kalidon,WF-005,0x09148304,0x09148308,0x0914830C,0x09148080,0x0E452020,0x0C000000 | ((profiler_hook >> 2) & 0x03FFFFFF),VANILLA
3,LEVEL_03,Kalidon,WF-013,0x09148548,0x0914854C,0x09148550,0x09148080,0x0E452020,0x0C000000 | ((profiler_hook >> 2) & 0x03FFFFFF),VANILLA
3,LEVEL_03,Kalidon,WF-013,0x0914856C,0x09148570,0x09148574,0x09148080,0x0E452020,0x0C000000 | ((profiler_hook >> 2) & 0x03FFFFFF),VANILLA
3,LEVEL_03,Kalidon,WF-015,0x0914AAC4,0x0914AAC8,0x0914AACC,0x09148080,0x0E452020,0x0C000000 | ((profiler_hook >> 2) & 0x03FFFFFF),VANILLA
3,LEVEL_03,Kalidon,WF-014,0x09162BB8,0x09162BBC,0x09162BC0,0x09148080,0x0E452020,0x0C000000 | ((profiler_hook >> 2) & 0x03FFFFFF),VANILLA
3,LEVEL_03,Kalidon,WF-014,0x09162BDC,0x09162BE0,0x09162BE4,0x09148080,0x0E452020,0x0C000000 | ((profiler_hook >> 2) & 0x03FFFFFF),VANILLA
3,LEVEL_03,Kalidon,WF-014,0x09162C00,0x09162C04,0x09162C08,0x09148080,0x0E452020,0x0C000000 | ((profiler_hook >> 2) & 0x03FFFFFF),VANILLA
3,LEVEL_03,Kalidon,WF-002,0x09182678,0x0918267C,0x09182680,0x09148080,0x0E452020,0x0C000000 | ((profiler_hook >> 2) & 0x03FFFFFF),VANILLA
3,LEVEL_03,Kalidon,WF-001,0x09182D54,0x09182D58,0x09182D5C,0x09148080,0x0E452020,0x0C000000 | ((profiler_hook >> 2) & 0x03FFFFFF),VANILLA
3,LEVEL_03,Kalidon,WF-001,0x09182D88,0x09182D8C,0x09182D90,0x09148080,0x0E452020,0x0C000000 | ((profiler_hook >> 2) & 0x03FFFFFF),VANILLA
3,LEVEL_03,Kalidon,WF-001,0x09182F04,0x09182F08,0x09182F0C,0x09148080,0x0E452020,0x0C000000 | ((profiler_hook >> 2) & 0x03FFFFFF),VANILLA
3,LEVEL_03,Kalidon,WF-003,0x0918702C,0x09187030,0x09187034,0x09148080,0x0E452020,0x0C000000 | ((profiler_hook >> 2) & 0x03FFFFFF),VANILLA
3,LEVEL_03,Kalidon,WF-004,0x0918EBAC,0x0918EBB0,0x0918EBB4,0x09148080,0x0E452020,0x0C000000 | ((profiler_hook >> 2) & 0x03FFFFFF),VANILLA
3,LEVEL_03,Kalidon,WF-008,0x092436A4,0x092436A8,0x092436AC,0x09148080,0x0E452020,0x0C000000 | ((profiler_hook >> 2) & 0x03FFFFFF),VANILLA
3,LEVEL_03,Kalidon,WF-008,0x092436C4,0x092436C8,0x092436CC,0x09148080,0x0E452020,0x0C000000 | ((profiler_hook >> 2) & 0x03FFFFFF),VANILLA
3,LEVEL_03,Kalidon,WF-009,0x09243924,0x09243928,0x0924392C,0x09148080,0x0E452020,0x0C000000 | ((profiler_hook >> 2) & 0x03FFFFFF),VANILLA
3,LEVEL_03,Kalidon,WF-009,0x09243944,0x09243948,0x0924394C,0x09148080,0x0E452020,0x0C000000 | ((profiler_hook >> 2) & 0x03FFFFFF),VANILLA
3,LEVEL_03,Kalidon,WF-007,0x09243B74,0x09243B78,0x09243B7C,0x09148080,0x0E452020,0x0C000000 | ((profiler_hook >> 2) & 0x03FFFFFF),VANILLA
3,LEVEL_03,Kalidon,WF-007,0x09243BF4,0x09243BF8,0x09243BFC,0x09148080,0x0E452020,0x0C000000 | ((profiler_hook >> 2) & 0x03FFFFFF),VANILLA
3,LEVEL_03,Kalidon,WF-007,0x09243C1C,0x09243C20,0x09243C24,0x09148080,0x0E452020,0x0C000000 | ((profiler_hook >> 2) & 0x03FFFFFF),VANILLA
3,LEVEL_03,Kalidon,WF-010,0x09246600,0x09246604,0x09246608,0x09148080,0x0E452020,0x0C000000 | ((profiler_hook >> 2) & 0x03FFFFFF),VANILLA
3,LEVEL_03,Kalidon,WF-010,0x092466C0,0x092466C4,0x092466C8,0x09148080,0x0E452020,0x0C000000 | ((profiler_hook >> 2) & 0x03FFFFFF),VANILLA
3,LEVEL_03,Kalidon,WF-016,0x0927FEF0,0x0927FEF4,0x0927FEF8,0x09148080,0x0E452020,0x0C000000 | ((profiler_hook >> 2) & 0x03FFFFFF),VANILLA
3,LEVEL_03,Kalidon,WF-016,0x09280194,0x09280198,0x0928019C,0x09148080,0x0E452020,0x0C000000 | ((profiler_hook >> 2) & 0x03FFFFFF),VANILLA
3,LEVEL_03,Kalidon,WF-044,0x092947EC,0x092947F0,0x092947F4,0x09148080,0x0E452020,0x0C000000 | ((profiler_hook >> 2) & 0x03FFFFFF),VANILLA
3,LEVEL_03,Kalidon,WF-058,0x092A5FD4,0x092A5FD8,0x092A5FDC,0x09148080,0x0E452020,0x0C000000 | ((profiler_hook >> 2) & 0x03FFFFFF),VANILLA
3,LEVEL_03,Kalidon,WF-006,0x092AD564,0x092AD568,0x092AD56C,0x09148080,0x0E452020,0x0C000000 | ((profiler_hook >> 2) & 0x03FFFFFF),VANILLA
3,LEVEL_03,Kalidon,WF-024,0x092BFB60,0x092BFB64,0x092BFB68,0x09148080,0x0E452020,0x0C000000 | ((profiler_hook >> 2) & 0x03FFFFFF),VANILLA
3,LEVEL_03,Kalidon,WF-012,0x092DB788,0x092DB78C,0x092DB790,0x09148080,0x0E452020,0x0C000000 | ((profiler_hook >> 2) & 0x03FFFFFF),VANILLA
3,LEVEL_03,Kalidon,WF-011,0x092DBE74,0x092DBE78,0x092DBE7C,0x09148080,0x0E452020,0x0C000000 | ((profiler_hook >> 2) & 0x03FFFFFF),VANILLA
3,LEVEL_03,Kalidon,WF-011,0x092DBE90,0x092DBE94,0x092DBE98,0x09148080,0x0E452020,0x0C000000 | ((profiler_hook >> 2) & 0x03FFFFFF),VANILLA
4,LEVEL_04,Metalis,WF-005,0x09148020,0x09148024,0x09148028,0x09147E54,0x0E451F95,0x0C000000 | ((profiler_hook >> 2) & 0x03FFFFFF),VANILLA
4,LEVEL_04,Metalis,WF-005,0x0914803C,0x09148040,0x09148044,0x09147E54,0x0E451F95,0x0C000000 | ((profiler_hook >> 2) & 0x03FFFFFF),VANILLA
4,LEVEL_04,Metalis,WF-005,0x09148058,0x0914805C,0x09148060,0x09147E54,0x0E451F95,0x0C000000 | ((profiler_hook >> 2) & 0x03FFFFFF),VANILLA
4,LEVEL_04,Metalis,WF-013,0x0914829C,0x091482A0,0x091482A4,0x09147E54,0x0E451F95,0x0C000000 | ((profiler_hook >> 2) & 0x03FFFFFF),VANILLA
4,LEVEL_04,Metalis,WF-013,0x091482C0,0x091482C4,0x091482C8,0x09147E54,0x0E451F95,0x0C000000 | ((profiler_hook >> 2) & 0x03FFFFFF),VANILLA
4,LEVEL_04,Metalis,WF-015,0x0914A920,0x0914A924,0x0914A928,0x09147E54,0x0E451F95,0x0C000000 | ((profiler_hook >> 2) & 0x03FFFFFF),VANILLA
4,LEVEL_04,Metalis,WF-014,0x091627FC,0x09162800,0x09162804,0x09147E54,0x0E451F95,0x0C000000 | ((profiler_hook >> 2) & 0x03FFFFFF),VANILLA
4,LEVEL_04,Metalis,WF-014,0x09162820,0x09162824,0x09162828,0x09147E54,0x0E451F95,0x0C000000 | ((profiler_hook >> 2) & 0x03FFFFFF),VANILLA
4,LEVEL_04,Metalis,WF-014,0x09162844,0x09162848,0x0916284C,0x09147E54,0x0E451F95,0x0C000000 | ((profiler_hook >> 2) & 0x03FFFFFF),VANILLA
4,LEVEL_04,Metalis,WF-029,0x0916564C,0x09165650,0x09165654,0x09147E54,0x0E451F95,0x0C000000 | ((profiler_hook >> 2) & 0x03FFFFFF),VANILLA
4,LEVEL_04,Metalis,WF-023,0x091677AC,0x091677B0,0x091677B4,0x09147E54,0x0E451F95,0x0C000000 | ((profiler_hook >> 2) & 0x03FFFFFF),VANILLA
4,LEVEL_04,Metalis,WF-023,0x09167944,0x09167948,0x0916794C,0x09147E54,0x0E451F95,0x0C000000 | ((profiler_hook >> 2) & 0x03FFFFFF),VANILLA
4,LEVEL_04,Metalis,WF-002,0x091856B0,0x091856B4,0x091856B8,0x09147E54,0x0E451F95,0x0C000000 | ((profiler_hook >> 2) & 0x03FFFFFF),VANILLA
4,LEVEL_04,Metalis,WF-001,0x09185D8C,0x09185D90,0x09185D94,0x09147E54,0x0E451F95,0x0C000000 | ((profiler_hook >> 2) & 0x03FFFFFF),VANILLA
4,LEVEL_04,Metalis,WF-001,0x09185DC0,0x09185DC4,0x09185DC8,0x09147E54,0x0E451F95,0x0C000000 | ((profiler_hook >> 2) & 0x03FFFFFF),VANILLA
4,LEVEL_04,Metalis,WF-001,0x09185F3C,0x09185F40,0x09185F44,0x09147E54,0x0E451F95,0x0C000000 | ((profiler_hook >> 2) & 0x03FFFFFF),VANILLA
4,LEVEL_04,Metalis,WF-003,0x09189BDC,0x09189BE0,0x09189BE4,0x09147E54,0x0E451F95,0x0C000000 | ((profiler_hook >> 2) & 0x03FFFFFF),VANILLA
4,LEVEL_04,Metalis,WF-004,0x0919176C,0x09191770,0x09191774,0x09147E54,0x0E451F95,0x0C000000 | ((profiler_hook >> 2) & 0x03FFFFFF),VANILLA
4,LEVEL_04,Metalis,WF-028,0x091DFAD0,0x091DFAD4,0x091DFAD8,0x09147E54,0x0E451F95,0x0C000000 | ((profiler_hook >> 2) & 0x03FFFFFF),VANILLA
4,LEVEL_04,Metalis,WF-028,0x091DFAF4,0x091DFAF8,0x091DFAFC,0x09147E54,0x0E451F95,0x0C000000 | ((profiler_hook >> 2) & 0x03FFFFFF),VANILLA
4,LEVEL_04,Metalis,WF-008,0x0924C44C,0x0924C450,0x0924C454,0x09147E54,0x0E451F95,0x0C000000 | ((profiler_hook >> 2) & 0x03FFFFFF),VANILLA
4,LEVEL_04,Metalis,WF-008,0x0924C46C,0x0924C470,0x0924C474,0x09147E54,0x0E451F95,0x0C000000 | ((profiler_hook >> 2) & 0x03FFFFFF),VANILLA
4,LEVEL_04,Metalis,WF-009,0x0924C6CC,0x0924C6D0,0x0924C6D4,0x09147E54,0x0E451F95,0x0C000000 | ((profiler_hook >> 2) & 0x03FFFFFF),VANILLA
4,LEVEL_04,Metalis,WF-009,0x0924C6EC,0x0924C6F0,0x0924C6F4,0x09147E54,0x0E451F95,0x0C000000 | ((profiler_hook >> 2) & 0x03FFFFFF),VANILLA
4,LEVEL_04,Metalis,WF-007,0x0924C91C,0x0924C920,0x0924C924,0x09147E54,0x0E451F95,0x0C000000 | ((profiler_hook >> 2) & 0x03FFFFFF),VANILLA
4,LEVEL_04,Metalis,WF-007,0x0924C99C,0x0924C9A0,0x0924C9A4,0x09147E54,0x0E451F95,0x0C000000 | ((profiler_hook >> 2) & 0x03FFFFFF),VANILLA
4,LEVEL_04,Metalis,WF-007,0x0924C9C4,0x0924C9C8,0x0924C9CC,0x09147E54,0x0E451F95,0x0C000000 | ((profiler_hook >> 2) & 0x03FFFFFF),VANILLA
4,LEVEL_04,Metalis,WF-010,0x0924F3A8,0x0924F3AC,0x0924F3B0,0x09147E54,0x0E451F95,0x0C000000 | ((profiler_hook >> 2) & 0x03FFFFFF),VANILLA
4,LEVEL_04,Metalis,WF-010,0x0924F468,0x0924F46C,0x0924F470,0x09147E54,0x0E451F95,0x0C000000 | ((profiler_hook >> 2) & 0x03FFFFFF),VANILLA
4,LEVEL_04,Metalis,WF-026,0x09263330,0x09263334,0x09263338,0x09147E54,0x0E451F95,0x0C000000 | ((profiler_hook >> 2) & 0x03FFFFFF),VANILLA
4,LEVEL_04,Metalis,WF-025,0x0926372C,0x09263730,0x09263734,0x09147E54,0x0E451F95,0x0C000000 | ((profiler_hook >> 2) & 0x03FFFFFF),VANILLA
4,LEVEL_04,Metalis,WF-006,0x092A2478,0x092A247C,0x092A2480,0x09147E54,0x0E451F95,0x0C000000 | ((profiler_hook >> 2) & 0x03FFFFFF),VANILLA
4,LEVEL_04,Metalis,WF-030,0x092C64F8,0x092C64FC,0x092C6500,0x09147E54,0x0E451F95,0x0C000000 | ((profiler_hook >> 2) & 0x03FFFFFF),VANILLA
4,LEVEL_04,Metalis,WF-012,0x092DA9AC,0x092DA9B0,0x092DA9B4,0x09147E54,0x0E451F95,0x0C000000 | ((profiler_hook >> 2) & 0x03FFFFFF),VANILLA
4,LEVEL_04,Metalis,WF-011,0x092DB098,0x092DB09C,0x092DB0A0,0x09147E54,0x0E451F95,0x0C000000 | ((profiler_hook >> 2) & 0x03FFFFFF),VANILLA
4,LEVEL_04,Metalis,WF-011,0x092DB0B4,0x092DB0B8,0x092DB0BC,0x09147E54,0x0E451F95,0x0C000000 | ((profiler_hook >> 2) & 0x03FFFFFF),VANILLA
5,LEVEL_05,Dreamtime,WF-005,0x09148228,0x0914822C,0x09148230,0x0914805C,0x0E452017,0x0C000000 | ((profiler_hook >> 2) & 0x03FFFFFF),VANILLA
5,LEVEL_05,Dreamtime,WF-005,0x09148244,0x09148248,0x0914824C,0x0914805C,0x0E452017,0x0C000000 | ((profiler_hook >> 2) & 0x03FFFFFF),VANILLA
5,LEVEL_05,Dreamtime,WF-005,0x09148260,0x09148264,0x09148268,0x0914805C,0x0E452017,0x0C000000 | ((profiler_hook >> 2) & 0x03FFFFFF),VANILLA
5,LEVEL_05,Dreamtime,WF-018,0x091482B8,0x091482BC,0x091482C0,0x0914805C,0x0E452017,0x0C000000 | ((profiler_hook >> 2) & 0x03FFFFFF),VANILLA
5,LEVEL_05,Dreamtime,WF-018,0x091482D4,0x091482D8,0x091482DC,0x0914805C,0x0E452017,0x0C000000 | ((profiler_hook >> 2) & 0x03FFFFFF),VANILLA
5,LEVEL_05,Dreamtime,WF-013,0x09148518,0x0914851C,0x09148520,0x0914805C,0x0E452017,0x0C000000 | ((profiler_hook >> 2) & 0x03FFFFFF),VANILLA
5,LEVEL_05,Dreamtime,WF-013,0x0914853C,0x09148540,0x09148544,0x0914805C,0x0E452017,0x0C000000 | ((profiler_hook >> 2) & 0x03FFFFFF),VANILLA
5,LEVEL_05,Dreamtime,WF-020,0x091486B8,0x091486BC,0x091486C0,0x0914805C,0x0E452017,0x0C000000 | ((profiler_hook >> 2) & 0x03FFFFFF),VANILLA
5,LEVEL_05,Dreamtime,WF-020,0x091486D8,0x091486DC,0x091486E0,0x0914805C,0x0E452017,0x0C000000 | ((profiler_hook >> 2) & 0x03FFFFFF),VANILLA
5,LEVEL_05,Dreamtime,WF-017,0x09162660,0x09162664,0x09162668,0x0914805C,0x0E452017,0x0C000000 | ((profiler_hook >> 2) & 0x03FFFFFF),VANILLA
5,LEVEL_05,Dreamtime,WF-017,0x09162684,0x09162688,0x0916268C,0x0914805C,0x0E452017,0x0C000000 | ((profiler_hook >> 2) & 0x03FFFFFF),VANILLA
5,LEVEL_05,Dreamtime,WF-017,0x091626A8,0x091626AC,0x091626B0,0x0914805C,0x0E452017,0x0C000000 | ((profiler_hook >> 2) & 0x03FFFFFF),VANILLA
5,LEVEL_05,Dreamtime,WF-022,0x0916367C,0x09163680,0x09163684,0x0914805C,0x0E452017,0x0C000000 | ((profiler_hook >> 2) & 0x03FFFFFF),VANILLA
5,LEVEL_05,Dreamtime,WF-002,0x09181C38,0x09181C3C,0x09181C40,0x0914805C,0x0E452017,0x0C000000 | ((profiler_hook >> 2) & 0x03FFFFFF),VANILLA
5,LEVEL_05,Dreamtime,WF-001,0x09182314,0x09182318,0x0918231C,0x0914805C,0x0E452017,0x0C000000 | ((profiler_hook >> 2) & 0x03FFFFFF),VANILLA
5,LEVEL_05,Dreamtime,WF-001,0x09182348,0x0918234C,0x09182350,0x0914805C,0x0E452017,0x0C000000 | ((profiler_hook >> 2) & 0x03FFFFFF),VANILLA
5,LEVEL_05,Dreamtime,WF-001,0x091824C4,0x091824C8,0x091824CC,0x0914805C,0x0E452017,0x0C000000 | ((profiler_hook >> 2) & 0x03FFFFFF),VANILLA
5,LEVEL_05,Dreamtime,WF-003,0x09186164,0x09186168,0x0918616C,0x0914805C,0x0E452017,0x0C000000 | ((profiler_hook >> 2) & 0x03FFFFFF),VANILLA
5,LEVEL_05,Dreamtime,WF-004,0x0918DCD8,0x0918DCDC,0x0918DCE0,0x0914805C,0x0E452017,0x0C000000 | ((profiler_hook >> 2) & 0x03FFFFFF),VANILLA
5,LEVEL_05,Dreamtime,WF-008,0x092411E4,0x092411E8,0x092411EC,0x0914805C,0x0E452017,0x0C000000 | ((profiler_hook >> 2) & 0x03FFFFFF),VANILLA
5,LEVEL_05,Dreamtime,WF-008,0x09241204,0x09241208,0x0924120C,0x0914805C,0x0E452017,0x0C000000 | ((profiler_hook >> 2) & 0x03FFFFFF),VANILLA
5,LEVEL_05,Dreamtime,WF-009,0x09241464,0x09241468,0x0924146C,0x0914805C,0x0E452017,0x0C000000 | ((profiler_hook >> 2) & 0x03FFFFFF),VANILLA
5,LEVEL_05,Dreamtime,WF-009,0x09241484,0x09241488,0x0924148C,0x0914805C,0x0E452017,0x0C000000 | ((profiler_hook >> 2) & 0x03FFFFFF),VANILLA
5,LEVEL_05,Dreamtime,WF-007,0x092416B4,0x092416B8,0x092416BC,0x0914805C,0x0E452017,0x0C000000 | ((profiler_hook >> 2) & 0x03FFFFFF),VANILLA
5,LEVEL_05,Dreamtime,WF-007,0x09241734,0x09241738,0x0924173C,0x0914805C,0x0E452017,0x0C000000 | ((profiler_hook >> 2) & 0x03FFFFFF),VANILLA
5,LEVEL_05,Dreamtime,WF-007,0x0924175C,0x09241760,0x09241764,0x0914805C,0x0E452017,0x0C000000 | ((profiler_hook >> 2) & 0x03FFFFFF),VANILLA
5,LEVEL_05,Dreamtime,WF-010,0x09244140,0x09244144,0x09244148,0x0914805C,0x0E452017,0x0C000000 | ((profiler_hook >> 2) & 0x03FFFFFF),VANILLA
5,LEVEL_05,Dreamtime,WF-010,0x09244200,0x09244204,0x09244208,0x0914805C,0x0E452017,0x0C000000 | ((profiler_hook >> 2) & 0x03FFFFFF),VANILLA
5,LEVEL_05,Dreamtime,WF-050,0x0926D5F0,0x0926D5F4,0x0926D5F8,0x0914805C,0x0E452017,0x0C000000 | ((profiler_hook >> 2) & 0x03FFFFFF),VANILLA
5,LEVEL_05,Dreamtime,WF-048,0x0927D090,0x0927D094,0x0927D098,0x0914805C,0x0E452017,0x0C000000 | ((profiler_hook >> 2) & 0x03FFFFFF),VANILLA
5,LEVEL_05,Dreamtime,WF-056,0x0927DBF4,0x0927DBF8,0x0927DBFC,0x0914805C,0x0E452017,0x0C000000 | ((profiler_hook >> 2) & 0x03FFFFFF),VANILLA
5,LEVEL_05,Dreamtime,WF-006,0x092958A8,0x092958AC,0x092958B0,0x0914805C,0x0E452017,0x0C000000 | ((profiler_hook >> 2) & 0x03FFFFFF),VANILLA
5,LEVEL_05,Dreamtime,WF-027,0x092A04A8,0x092A04AC,0x092A04B0,0x0914805C,0x0E452017,0x0C000000 | ((profiler_hook >> 2) & 0x03FFFFFF),VANILLA
5,LEVEL_05,Dreamtime,WF-027,0x092A04C4,0x092A04C8,0x092A04CC,0x0914805C,0x0E452017,0x0C000000 | ((profiler_hook >> 2) & 0x03FFFFFF),VANILLA
5,LEVEL_05,Dreamtime,WF-027,0x092A07AC,0x092A07B0,0x092A07B4,0x0914805C,0x0E452017,0x0C000000 | ((profiler_hook >> 2) & 0x03FFFFFF),VANILLA
5,LEVEL_05,Dreamtime,WF-027,0x092A07D0,0x092A07D4,0x092A07D8,0x0914805C,0x0E452017,0x0C000000 | ((profiler_hook >> 2) & 0x03FFFFFF),VANILLA
5,LEVEL_05,Dreamtime,WF-027,0x092A089C,0x092A08A0,0x092A08A4,0x0914805C,0x0E452017,0x0C000000 | ((profiler_hook >> 2) & 0x03FFFFFF),VANILLA
5,LEVEL_05,Dreamtime,WF-012,0x092B9604,0x092B9608,0x092B960C,0x0914805C,0x0E452017,0x0C000000 | ((profiler_hook >> 2) & 0x03FFFFFF),VANILLA
5,LEVEL_05,Dreamtime,WF-011,0x092B9CF0,0x092B9CF4,0x092B9CF8,0x0914805C,0x0E452017,0x0C000000 | ((profiler_hook >> 2) & 0x03FFFFFF),VANILLA
5,LEVEL_05,Dreamtime,WF-011,0x092B9D0C,0x092B9D10,0x092B9D14,0x0914805C,0x0E452017,0x0C000000 | ((profiler_hook >> 2) & 0x03FFFFFF),VANILLA
6,LEVEL_06,Medical Outpost Omega,WF-005,0x09148090,0x09148094,0x09148098,0x09147EC4,0x0E451FB1,0x0C000000 | ((profiler_hook >> 2) & 0x03FFFFFF),VANILLA
6,LEVEL_06,Medical Outpost Omega,WF-005,0x091480AC,0x091480B0,0x091480B4,0x09147EC4,0x0E451FB1,0x0C000000 | ((profiler_hook >> 2) & 0x03FFFFFF),VANILLA
6,LEVEL_06,Medical Outpost Omega,WF-005,0x091480C8,0x091480CC,0x091480D0,0x09147EC4,0x0E451FB1,0x0C000000 | ((profiler_hook >> 2) & 0x03FFFFFF),VANILLA
6,LEVEL_06,Medical Outpost Omega,WF-013,0x0914830C,0x09148310,0x09148314,0x09147EC4,0x0E451FB1,0x0C000000 | ((profiler_hook >> 2) & 0x03FFFFFF),VANILLA
6,LEVEL_06,Medical Outpost Omega,WF-013,0x09148330,0x09148334,0x09148338,0x09147EC4,0x0E451FB1,0x0C000000 | ((profiler_hook >> 2) & 0x03FFFFFF),VANILLA
6,LEVEL_06,Medical Outpost Omega,WF-014,0x09161474,0x09161478,0x0916147C,0x09147EC4,0x0E451FB1,0x0C000000 | ((profiler_hook >> 2) & 0x03FFFFFF),VANILLA
6,LEVEL_06,Medical Outpost Omega,WF-014,0x09161498,0x0916149C,0x091614A0,0x09147EC4,0x0E451FB1,0x0C000000 | ((profiler_hook >> 2) & 0x03FFFFFF),VANILLA
6,LEVEL_06,Medical Outpost Omega,WF-014,0x091614BC,0x091614C0,0x091614C4,0x09147EC4,0x0E451FB1,0x0C000000 | ((profiler_hook >> 2) & 0x03FFFFFF),VANILLA
6,LEVEL_06,Medical Outpost Omega,WF-002,0x09180D94,0x09180D98,0x09180D9C,0x09147EC4,0x0E451FB1,0x0C000000 | ((profiler_hook >> 2) & 0x03FFFFFF),VANILLA
6,LEVEL_06,Medical Outpost Omega,WF-001,0x09181470,0x09181474,0x09181478,0x09147EC4,0x0E451FB1,0x0C000000 | ((profiler_hook >> 2) & 0x03FFFFFF),VANILLA
6,LEVEL_06,Medical Outpost Omega,WF-001,0x091814A4,0x091814A8,0x091814AC,0x09147EC4,0x0E451FB1,0x0C000000 | ((profiler_hook >> 2) & 0x03FFFFFF),VANILLA
6,LEVEL_06,Medical Outpost Omega,WF-001,0x09181620,0x09181624,0x09181628,0x09147EC4,0x0E451FB1,0x0C000000 | ((profiler_hook >> 2) & 0x03FFFFFF),VANILLA
6,LEVEL_06,Medical Outpost Omega,WF-003,0x09185748,0x0918574C,0x09185750,0x09147EC4,0x0E451FB1,0x0C000000 | ((profiler_hook >> 2) & 0x03FFFFFF),VANILLA
6,LEVEL_06,Medical Outpost Omega,WF-004,0x0918D2BC,0x0918D2C0,0x0918D2C4,0x09147EC4,0x0E451FB1,0x0C000000 | ((profiler_hook >> 2) & 0x03FFFFFF),VANILLA
6,LEVEL_06,Medical Outpost Omega,WF-008,0x0923CA60,0x0923CA64,0x0923CA68,0x09147EC4,0x0E451FB1,0x0C000000 | ((profiler_hook >> 2) & 0x03FFFFFF),VANILLA
6,LEVEL_06,Medical Outpost Omega,WF-008,0x0923CA80,0x0923CA84,0x0923CA88,0x09147EC4,0x0E451FB1,0x0C000000 | ((profiler_hook >> 2) & 0x03FFFFFF),VANILLA
6,LEVEL_06,Medical Outpost Omega,WF-009,0x0923CCE0,0x0923CCE4,0x0923CCE8,0x09147EC4,0x0E451FB1,0x0C000000 | ((profiler_hook >> 2) & 0x03FFFFFF),VANILLA
6,LEVEL_06,Medical Outpost Omega,WF-009,0x0923CD00,0x0923CD04,0x0923CD08,0x09147EC4,0x0E451FB1,0x0C000000 | ((profiler_hook >> 2) & 0x03FFFFFF),VANILLA
6,LEVEL_06,Medical Outpost Omega,WF-007,0x0923CF30,0x0923CF34,0x0923CF38,0x09147EC4,0x0E451FB1,0x0C000000 | ((profiler_hook >> 2) & 0x03FFFFFF),VANILLA
6,LEVEL_06,Medical Outpost Omega,WF-007,0x0923CFB0,0x0923CFB4,0x0923CFB8,0x09147EC4,0x0E451FB1,0x0C000000 | ((profiler_hook >> 2) & 0x03FFFFFF),VANILLA
6,LEVEL_06,Medical Outpost Omega,WF-007,0x0923CFD8,0x0923CFDC,0x0923CFE0,0x09147EC4,0x0E451FB1,0x0C000000 | ((profiler_hook >> 2) & 0x03FFFFFF),VANILLA
6,LEVEL_06,Medical Outpost Omega,WF-010,0x0923F9BC,0x0923F9C0,0x0923F9C4,0x09147EC4,0x0E451FB1,0x0C000000 | ((profiler_hook >> 2) & 0x03FFFFFF),VANILLA
6,LEVEL_06,Medical Outpost Omega,WF-010,0x0923FA7C,0x0923FA80,0x0923FA84,0x09147EC4,0x0E451FB1,0x0C000000 | ((profiler_hook >> 2) & 0x03FFFFFF),VANILLA
6,LEVEL_06,Medical Outpost Omega,WF-016,0x092734CC,0x092734D0,0x092734D4,0x09147EC4,0x0E451FB1,0x0C000000 | ((profiler_hook >> 2) & 0x03FFFFFF),VANILLA
6,LEVEL_06,Medical Outpost Omega,WF-016,0x09273770,0x09273774,0x09273778,0x09147EC4,0x0E451FB1,0x0C000000 | ((profiler_hook >> 2) & 0x03FFFFFF),VANILLA
6,LEVEL_06,Medical Outpost Omega,WF-034,0x092825BC,0x092825C0,0x092825C4,0x09147EC4,0x0E451FB1,0x0C000000 | ((profiler_hook >> 2) & 0x03FFFFFF),VANILLA
6,LEVEL_06,Medical Outpost Omega,WF-034,0x092825D8,0x092825DC,0x092825E0,0x09147EC4,0x0E451FB1,0x0C000000 | ((profiler_hook >> 2) & 0x03FFFFFF),VANILLA
6,LEVEL_06,Medical Outpost Omega,WF-034,0x092825F4,0x092825F8,0x092825FC,0x09147EC4,0x0E451FB1,0x0C000000 | ((profiler_hook >> 2) & 0x03FFFFFF),VANILLA
6,LEVEL_06,Medical Outpost Omega,WF-034,0x09282610,0x09282614,0x09282618,0x09147EC4,0x0E451FB1,0x0C000000 | ((profiler_hook >> 2) & 0x03FFFFFF),VANILLA
6,LEVEL_06,Medical Outpost Omega,WF-006,0x09291FC4,0x09291FC8,0x09291FCC,0x09147EC4,0x0E451FB1,0x0C000000 | ((profiler_hook >> 2) & 0x03FFFFFF),VANILLA
6,LEVEL_06,Medical Outpost Omega,WF-012,0x092B9540,0x092B9544,0x092B9548,0x09147EC4,0x0E451FB1,0x0C000000 | ((profiler_hook >> 2) & 0x03FFFFFF),VANILLA
6,LEVEL_06,Medical Outpost Omega,WF-011,0x092B9C2C,0x092B9C30,0x092B9C34,0x09147EC4,0x0E451FB1,0x0C000000 | ((profiler_hook >> 2) & 0x03FFFFFF),VANILLA
6,LEVEL_06,Medical Outpost Omega,WF-011,0x092B9C48,0x092B9C4C,0x092B9C50,0x09147EC4,0x0E451FB1,0x0C000000 | ((profiler_hook >> 2) & 0x03FFFFFF),VANILLA
7,LEVEL_07,Challax,WF-005,0x09148228,0x0914822C,0x09148230,0x0914805C,0x0E452017,0x0C000000 | ((profiler_hook >> 2) & 0x03FFFFFF),VANILLA
7,LEVEL_07,Challax,WF-005,0x09148244,0x09148248,0x0914824C,0x0914805C,0x0E452017,0x0C000000 | ((profiler_hook >> 2) & 0x03FFFFFF),VANILLA
7,LEVEL_07,Challax,WF-005,0x09148260,0x09148264,0x09148268,0x0914805C,0x0E452017,0x0C000000 | ((profiler_hook >> 2) & 0x03FFFFFF),VANILLA
7,LEVEL_07,Challax,WF-018,0x091482B8,0x091482BC,0x091482C0,0x0914805C,0x0E452017,0x0C000000 | ((profiler_hook >> 2) & 0x03FFFFFF),VANILLA
7,LEVEL_07,Challax,WF-018,0x091482D4,0x091482D8,0x091482DC,0x0914805C,0x0E452017,0x0C000000 | ((profiler_hook >> 2) & 0x03FFFFFF),VANILLA
7,LEVEL_07,Challax,WF-013,0x09148518,0x0914851C,0x09148520,0x0914805C,0x0E452017,0x0C000000 | ((profiler_hook >> 2) & 0x03FFFFFF),VANILLA
7,LEVEL_07,Challax,WF-013,0x0914853C,0x09148540,0x09148544,0x0914805C,0x0E452017,0x0C000000 | ((profiler_hook >> 2) & 0x03FFFFFF),VANILLA
7,LEVEL_07,Challax,WF-020,0x091486B8,0x091486BC,0x091486C0,0x0914805C,0x0E452017,0x0C000000 | ((profiler_hook >> 2) & 0x03FFFFFF),VANILLA
7,LEVEL_07,Challax,WF-020,0x091486D8,0x091486DC,0x091486E0,0x0914805C,0x0E452017,0x0C000000 | ((profiler_hook >> 2) & 0x03FFFFFF),VANILLA
7,LEVEL_07,Challax,WF-015,0x0914ACB8,0x0914ACBC,0x0914ACC0,0x0914805C,0x0E452017,0x0C000000 | ((profiler_hook >> 2) & 0x03FFFFFF),VANILLA
7,LEVEL_07,Challax,WF-014,0x091629D4,0x091629D8,0x091629DC,0x0914805C,0x0E452017,0x0C000000 | ((profiler_hook >> 2) & 0x03FFFFFF),VANILLA
7,LEVEL_07,Challax,WF-014,0x091629F8,0x091629FC,0x09162A00,0x0914805C,0x0E452017,0x0C000000 | ((profiler_hook >> 2) & 0x03FFFFFF),VANILLA
7,LEVEL_07,Challax,WF-014,0x09162A1C,0x09162A20,0x09162A24,0x0914805C,0x0E452017,0x0C000000 | ((profiler_hook >> 2) & 0x03FFFFFF),VANILLA
7,LEVEL_07,Challax,WF-017,0x09164A38,0x09164A3C,0x09164A40,0x0914805C,0x0E452017,0x0C000000 | ((profiler_hook >> 2) & 0x03FFFFFF),VANILLA
7,LEVEL_07,Challax,WF-017,0x09164A5C,0x09164A60,0x09164A64,0x0914805C,0x0E452017,0x0C000000 | ((profiler_hook >> 2) & 0x03FFFFFF),VANILLA
7,LEVEL_07,Challax,WF-017,0x09164A80,0x09164A84,0x09164A88,0x0914805C,0x0E452017,0x0C000000 | ((profiler_hook >> 2) & 0x03FFFFFF),VANILLA
7,LEVEL_07,Challax,WF-022,0x09165A54,0x09165A58,0x09165A5C,0x0914805C,0x0E452017,0x0C000000 | ((profiler_hook >> 2) & 0x03FFFFFF),VANILLA
7,LEVEL_07,Challax,WF-002,0x09184458,0x0918445C,0x09184460,0x0914805C,0x0E452017,0x0C000000 | ((profiler_hook >> 2) & 0x03FFFFFF),VANILLA
7,LEVEL_07,Challax,WF-001,0x09184B34,0x09184B38,0x09184B3C,0x0914805C,0x0E452017,0x0C000000 | ((profiler_hook >> 2) & 0x03FFFFFF),VANILLA
7,LEVEL_07,Challax,WF-001,0x09184B68,0x09184B6C,0x09184B70,0x0914805C,0x0E452017,0x0C000000 | ((profiler_hook >> 2) & 0x03FFFFFF),VANILLA
7,LEVEL_07,Challax,WF-001,0x09184CE4,0x09184CE8,0x09184CEC,0x0914805C,0x0E452017,0x0C000000 | ((profiler_hook >> 2) & 0x03FFFFFF),VANILLA
7,LEVEL_07,Challax,WF-003,0x09188E0C,0x09188E10,0x09188E14,0x0914805C,0x0E452017,0x0C000000 | ((profiler_hook >> 2) & 0x03FFFFFF),VANILLA
7,LEVEL_07,Challax,WF-004,0x0919099C,0x091909A0,0x091909A4,0x0914805C,0x0E452017,0x0C000000 | ((profiler_hook >> 2) & 0x03FFFFFF),VANILLA
7,LEVEL_07,Challax,WF-008,0x09246FB0,0x09246FB4,0x09246FB8,0x0914805C,0x0E452017,0x0C000000 | ((profiler_hook >> 2) & 0x03FFFFFF),VANILLA
7,LEVEL_07,Challax,WF-008,0x09246FD0,0x09246FD4,0x09246FD8,0x0914805C,0x0E452017,0x0C000000 | ((profiler_hook >> 2) & 0x03FFFFFF),VANILLA
7,LEVEL_07,Challax,WF-009,0x09247230,0x09247234,0x09247238,0x0914805C,0x0E452017,0x0C000000 | ((profiler_hook >> 2) & 0x03FFFFFF),VANILLA
7,LEVEL_07,Challax,WF-009,0x09247250,0x09247254,0x09247258,0x0914805C,0x0E452017,0x0C000000 | ((profiler_hook >> 2) & 0x03FFFFFF),VANILLA
7,LEVEL_07,Challax,WF-007,0x09247480,0x09247484,0x09247488,0x0914805C,0x0E452017,0x0C000000 | ((profiler_hook >> 2) & 0x03FFFFFF),VANILLA
7,LEVEL_07,Challax,WF-007,0x09247500,0x09247504,0x09247508,0x0914805C,0x0E452017,0x0C000000 | ((profiler_hook >> 2) & 0x03FFFFFF),VANILLA
7,LEVEL_07,Challax,WF-007,0x09247528,0x0924752C,0x09247530,0x0914805C,0x0E452017,0x0C000000 | ((profiler_hook >> 2) & 0x03FFFFFF),VANILLA
7,LEVEL_07,Challax,WF-010,0x09249F0C,0x09249F10,0x09249F14,0x0914805C,0x0E452017,0x0C000000 | ((profiler_hook >> 2) & 0x03FFFFFF),VANILLA
7,LEVEL_07,Challax,WF-010,0x09249FCC,0x09249FD0,0x09249FD4,0x0914805C,0x0E452017,0x0C000000 | ((profiler_hook >> 2) & 0x03FFFFFF),VANILLA
7,LEVEL_07,Challax,WF-045,0x0926A08C,0x0926A090,0x0926A094,0x0914805C,0x0E452017,0x0C000000 | ((profiler_hook >> 2) & 0x03FFFFFF),VANILLA
7,LEVEL_07,Challax,WF-042,0x0926A8D4,0x0926A8D8,0x0926A8DC,0x0914805C,0x0E452017,0x0C000000 | ((profiler_hook >> 2) & 0x03FFFFFF),VANILLA
7,LEVEL_07,Challax,WF-039,0x0926B144,0x0926B148,0x0926B14C,0x0914805C,0x0E452017,0x0C000000 | ((profiler_hook >> 2) & 0x03FFFFFF),VANILLA
7,LEVEL_07,Challax,WF-039,0x0926B750,0x0926B754,0x0926B758,0x0914805C,0x0E452017,0x0C000000 | ((profiler_hook >> 2) & 0x03FFFFFF),VANILLA
7,LEVEL_07,Challax,WF-016,0x092893D8,0x092893DC,0x092893E0,0x0914805C,0x0E452017,0x0C000000 | ((profiler_hook >> 2) & 0x03FFFFFF),VANILLA
7,LEVEL_07,Challax,WF-016,0x0928967C,0x09289680,0x09289684,0x0914805C,0x0E452017,0x0C000000 | ((profiler_hook >> 2) & 0x03FFFFFF),VANILLA
7,LEVEL_07,Challax,WF-052,0x092982DC,0x092982E0,0x092982E4,0x0914805C,0x0E452017,0x0C000000 | ((profiler_hook >> 2) & 0x03FFFFFF),VANILLA
7,LEVEL_07,Challax,WF-049,0x0929AD50,0x0929AD54,0x0929AD58,0x0914805C,0x0E452017,0x0C000000 | ((profiler_hook >> 2) & 0x03FFFFFF),VANILLA
7,LEVEL_07,Challax,WF-006,0x092A998C,0x092A9990,0x092A9994,0x0914805C,0x0E452017,0x0C000000 | ((profiler_hook >> 2) & 0x03FFFFFF),VANILLA
7,LEVEL_07,Challax,WF-019,0x092CCCDC,0x092CCCE0,0x092CCCE4,0x0914805C,0x0E452017,0x0C000000 | ((profiler_hook >> 2) & 0x03FFFFFF),VANILLA
7,LEVEL_07,Challax,WF-019,0x092CCF5C,0x092CCF60,0x092CCF64,0x0914805C,0x0E452017,0x0C000000 | ((profiler_hook >> 2) & 0x03FFFFFF),VANILLA
7,LEVEL_07,Challax,WF-012,0x092D54F8,0x092D54FC,0x092D5500,0x0914805C,0x0E452017,0x0C000000 | ((profiler_hook >> 2) & 0x03FFFFFF),VANILLA
7,LEVEL_07,Challax,WF-011,0x092D5BE4,0x092D5BE8,0x092D5BEC,0x0914805C,0x0E452017,0x0C000000 | ((profiler_hook >> 2) & 0x03FFFFFF),VANILLA
7,LEVEL_07,Challax,WF-011,0x092D5C00,0x092D5C04,0x092D5C08,0x0914805C,0x0E452017,0x0C000000 | ((profiler_hook >> 2) & 0x03FFFFFF),VANILLA
8,LEVEL_08,Dayni Moon,WF-005,0x09148284,0x09148288,0x0914828C,0x091480B8,0x0E45202E,0x0C000000 | ((profiler_hook >> 2) & 0x03FFFFFF),VANILLA
8,LEVEL_08,Dayni Moon,WF-005,0x091482A0,0x091482A4,0x091482A8,0x091480B8,0x0E45202E,0x0C000000 | ((profiler_hook >> 2) & 0x03FFFFFF),VANILLA
8,LEVEL_08,Dayni Moon,WF-005,0x091482BC,0x091482C0,0x091482C4,0x091480B8,0x0E45202E,0x0C000000 | ((profiler_hook >> 2) & 0x03FFFFFF),VANILLA
8,LEVEL_08,Dayni Moon,WF-018,0x09148314,0x09148318,0x0914831C,0x091480B8,0x0E45202E,0x0C000000 | ((profiler_hook >> 2) & 0x03FFFFFF),VANILLA
8,LEVEL_08,Dayni Moon,WF-018,0x09148330,0x09148334,0x09148338,0x091480B8,0x0E45202E,0x0C000000 | ((profiler_hook >> 2) & 0x03FFFFFF),VANILLA
8,LEVEL_08,Dayni Moon,WF-013,0x09148574,0x09148578,0x0914857C,0x091480B8,0x0E45202E,0x0C000000 | ((profiler_hook >> 2) & 0x03FFFFFF),VANILLA
8,LEVEL_08,Dayni Moon,WF-013,0x09148598,0x0914859C,0x091485A0,0x091480B8,0x0E45202E,0x0C000000 | ((profiler_hook >> 2) & 0x03FFFFFF),VANILLA
8,LEVEL_08,Dayni Moon,WF-020,0x09148714,0x09148718,0x0914871C,0x091480B8,0x0E45202E,0x0C000000 | ((profiler_hook >> 2) & 0x03FFFFFF),VANILLA
8,LEVEL_08,Dayni Moon,WF-020,0x09148734,0x09148738,0x0914873C,0x091480B8,0x0E45202E,0x0C000000 | ((profiler_hook >> 2) & 0x03FFFFFF),VANILLA
8,LEVEL_08,Dayni Moon,WF-015,0x0914B0D4,0x0914B0D8,0x0914B0DC,0x091480B8,0x0E45202E,0x0C000000 | ((profiler_hook >> 2) & 0x03FFFFFF),VANILLA
8,LEVEL_08,Dayni Moon,WF-014,0x09163118,0x0916311C,0x09163120,0x091480B8,0x0E45202E,0x0C000000 | ((profiler_hook >> 2) & 0x03FFFFFF),VANILLA
8,LEVEL_08,Dayni Moon,WF-014,0x0916313C,0x09163140,0x09163144,0x091480B8,0x0E45202E,0x0C000000 | ((profiler_hook >> 2) & 0x03FFFFFF),VANILLA
8,LEVEL_08,Dayni Moon,WF-014,0x09163160,0x09163164,0x09163168,0x091480B8,0x0E45202E,0x0C000000 | ((profiler_hook >> 2) & 0x03FFFFFF),VANILLA
8,LEVEL_08,Dayni Moon,WF-021,0x09163780,0x09163784,0x09163788,0x091480B8,0x0E45202E,0x0C000000 | ((profiler_hook >> 2) & 0x03FFFFFF),VANILLA
8,LEVEL_08,Dayni Moon,WF-017,0x091659A4,0x091659A8,0x091659AC,0x091480B8,0x0E45202E,0x0C000000 | ((profiler_hook >> 2) & 0x03FFFFFF),VANILLA
8,LEVEL_08,Dayni Moon,WF-017,0x091659C8,0x091659CC,0x091659D0,0x091480B8,0x0E45202E,0x0C000000 | ((profiler_hook >> 2) & 0x03FFFFFF),VANILLA
8,LEVEL_08,Dayni Moon,WF-017,0x091659EC,0x091659F0,0x091659F4,0x091480B8,0x0E45202E,0x0C000000 | ((profiler_hook >> 2) & 0x03FFFFFF),VANILLA
8,LEVEL_08,Dayni Moon,WF-022,0x091669C0,0x091669C4,0x091669C8,0x091480B8,0x0E45202E,0x0C000000 | ((profiler_hook >> 2) & 0x03FFFFFF),VANILLA
8,LEVEL_08,Dayni Moon,WF-029,0x091686C8,0x091686CC,0x091686D0,0x091480B8,0x0E45202E,0x0C000000 | ((profiler_hook >> 2) & 0x03FFFFFF),VANILLA
8,LEVEL_08,Dayni Moon,WF-023,0x0916A828,0x0916A82C,0x0916A830,0x091480B8,0x0E45202E,0x0C000000 | ((profiler_hook >> 2) & 0x03FFFFFF),VANILLA
8,LEVEL_08,Dayni Moon,WF-023,0x0916A9C0,0x0916A9C4,0x0916A9C8,0x091480B8,0x0E45202E,0x0C000000 | ((profiler_hook >> 2) & 0x03FFFFFF),VANILLA
8,LEVEL_08,Dayni Moon,WF-002,0x09188F18,0x09188F1C,0x09188F20,0x091480B8,0x0E45202E,0x0C000000 | ((profiler_hook >> 2) & 0x03FFFFFF),VANILLA
8,LEVEL_08,Dayni Moon,WF-001,0x091895F4,0x091895F8,0x091895FC,0x091480B8,0x0E45202E,0x0C000000 | ((profiler_hook >> 2) & 0x03FFFFFF),VANILLA
8,LEVEL_08,Dayni Moon,WF-001,0x09189628,0x0918962C,0x09189630,0x091480B8,0x0E45202E,0x0C000000 | ((profiler_hook >> 2) & 0x03FFFFFF),VANILLA
8,LEVEL_08,Dayni Moon,WF-001,0x091897A4,0x091897A8,0x091897AC,0x091480B8,0x0E45202E,0x0C000000 | ((profiler_hook >> 2) & 0x03FFFFFF),VANILLA
8,LEVEL_08,Dayni Moon,WF-003,0x0918D8CC,0x0918D8D0,0x0918D8D4,0x091480B8,0x0E45202E,0x0C000000 | ((profiler_hook >> 2) & 0x03FFFFFF),VANILLA
8,LEVEL_08,Dayni Moon,WF-004,0x09195440,0x09195444,0x09195448,0x091480B8,0x0E45202E,0x0C000000 | ((profiler_hook >> 2) & 0x03FFFFFF),VANILLA
8,LEVEL_08,Dayni Moon,WF-028,0x091E4CE8,0x091E4CEC,0x091E4CF0,0x091480B8,0x0E45202E,0x0C000000 | ((profiler_hook >> 2) & 0x03FFFFFF),VANILLA
8,LEVEL_08,Dayni Moon,WF-028,0x091E4D0C,0x091E4D10,0x091E4D14,0x091480B8,0x0E45202E,0x0C000000 | ((profiler_hook >> 2) & 0x03FFFFFF),VANILLA
8,LEVEL_08,Dayni Moon,WF-008,0x092513B8,0x092513BC,0x092513C0,0x091480B8,0x0E45202E,0x0C000000 | ((profiler_hook >> 2) & 0x03FFFFFF),VANILLA
8,LEVEL_08,Dayni Moon,WF-008,0x092513D8,0x092513DC,0x092513E0,0x091480B8,0x0E45202E,0x0C000000 | ((profiler_hook >> 2) & 0x03FFFFFF),VANILLA
8,LEVEL_08,Dayni Moon,WF-009,0x09251638,0x0925163C,0x09251640,0x091480B8,0x0E45202E,0x0C000000 | ((profiler_hook >> 2) & 0x03FFFFFF),VANILLA
8,LEVEL_08,Dayni Moon,WF-009,0x09251658,0x0925165C,0x09251660,0x091480B8,0x0E45202E,0x0C000000 | ((profiler_hook >> 2) & 0x03FFFFFF),VANILLA
8,LEVEL_08,Dayni Moon,WF-007,0x09251888,0x0925188C,0x09251890,0x091480B8,0x0E45202E,0x0C000000 | ((profiler_hook >> 2) & 0x03FFFFFF),VANILLA
8,LEVEL_08,Dayni Moon,WF-007,0x09251908,0x0925190C,0x09251910,0x091480B8,0x0E45202E,0x0C000000 | ((profiler_hook >> 2) & 0x03FFFFFF),VANILLA
8,LEVEL_08,Dayni Moon,WF-007,0x09251930,0x09251934,0x09251938,0x091480B8,0x0E45202E,0x0C000000 | ((profiler_hook >> 2) & 0x03FFFFFF),VANILLA
8,LEVEL_08,Dayni Moon,WF-010,0x09254314,0x09254318,0x0925431C,0x091480B8,0x0E45202E,0x0C000000 | ((profiler_hook >> 2) & 0x03FFFFFF),VANILLA
8,LEVEL_08,Dayni Moon,WF-010,0x092543D4,0x092543D8,0x092543DC,0x091480B8,0x0E45202E,0x0C000000 | ((profiler_hook >> 2) & 0x03FFFFFF),VANILLA
8,LEVEL_08,Dayni Moon,WF-026,0x0926907C,0x09269080,0x09269084,0x091480B8,0x0E45202E,0x0C000000 | ((profiler_hook >> 2) & 0x03FFFFFF),VANILLA
8,LEVEL_08,Dayni Moon,WF-025,0x09269478,0x0926947C,0x09269480,0x091480B8,0x0E45202E,0x0C000000 | ((profiler_hook >> 2) & 0x03FFFFFF),VANILLA
8,LEVEL_08,Dayni Moon,WF-041,0x092A753C,0x092A7540,0x092A7544,0x091480B8,0x0E45202E,0x0C000000 | ((profiler_hook >> 2) & 0x03FFFFFF),VANILLA
8,LEVEL_08,Dayni Moon,WF-041,0x092A7764,0x092A7768,0x092A776C,0x091480B8,0x0E45202E,0x0C000000 | ((profiler_hook >> 2) & 0x03FFFFFF),VANILLA
8,LEVEL_08,Dayni Moon,WF-038,0x092AB58C,0x092AB590,0x092AB594,0x091480B8,0x0E45202E,0x0C000000 | ((profiler_hook >> 2) & 0x03FFFFFF),VANILLA
8,LEVEL_08,Dayni Moon,WF-038,0x092AB610,0x092AB614,0x092AB618,0x091480B8,0x0E45202E,0x0C000000 | ((profiler_hook >> 2) & 0x03FFFFFF),VANILLA
8,LEVEL_08,Dayni Moon,WF-054,0x092ACE78,0x092ACE7C,0x092ACE80,0x091480B8,0x0E45202E,0x0C000000 | ((profiler_hook >> 2) & 0x03FFFFFF),VANILLA
8,LEVEL_08,Dayni Moon,WF-040,0x092AD524,0x092AD528,0x092AD52C,0x091480B8,0x0E45202E,0x0C000000 | ((profiler_hook >> 2) & 0x03FFFFFF),VANILLA
8,LEVEL_08,Dayni Moon,WF-040,0x092AD654,0x092AD658,0x092AD65C,0x091480B8,0x0E45202E,0x0C000000 | ((profiler_hook >> 2) & 0x03FFFFFF),VANILLA
8,LEVEL_08,Dayni Moon,WF-035,0x092ADA74,0x092ADA78,0x092ADA7C,0x091480B8,0x0E45202E,0x0C000000 | ((profiler_hook >> 2) & 0x03FFFFFF),VANILLA
8,LEVEL_08,Dayni Moon,WF-035,0x092ADA94,0x092ADA98,0x092ADA9C,0x091480B8,0x0E45202E,0x0C000000 | ((profiler_hook >> 2) & 0x03FFFFFF),VANILLA
8,LEVEL_08,Dayni Moon,WF-035,0x092ADB7C,0x092ADB80,0x092ADB84,0x091480B8,0x0E45202E,0x0C000000 | ((profiler_hook >> 2) & 0x03FFFFFF),VANILLA
8,LEVEL_08,Dayni Moon,WF-035,0x092ADBEC,0x092ADBF0,0x092ADBF4,0x091480B8,0x0E45202E,0x0C000000 | ((profiler_hook >> 2) & 0x03FFFFFF),VANILLA
8,LEVEL_08,Dayni Moon,WF-006,0x092C5E70,0x092C5E74,0x092C5E78,0x091480B8,0x0E45202E,0x0C000000 | ((profiler_hook >> 2) & 0x03FFFFFF),VANILLA
8,LEVEL_08,Dayni Moon,WF-019,0x092ED748,0x092ED74C,0x092ED750,0x091480B8,0x0E45202E,0x0C000000 | ((profiler_hook >> 2) & 0x03FFFFFF),VANILLA
8,LEVEL_08,Dayni Moon,WF-019,0x092ED9C8,0x092ED9CC,0x092ED9D0,0x091480B8,0x0E45202E,0x0C000000 | ((profiler_hook >> 2) & 0x03FFFFFF),VANILLA
8,LEVEL_08,Dayni Moon,WF-012,0x092FEB90,0x092FEB94,0x092FEB98,0x091480B8,0x0E45202E,0x0C000000 | ((profiler_hook >> 2) & 0x03FFFFFF),VANILLA
8,LEVEL_08,Dayni Moon,WF-011,0x092FF27C,0x092FF280,0x092FF284,0x091480B8,0x0E45202E,0x0C000000 | ((profiler_hook >> 2) & 0x03FFFFFF),VANILLA
8,LEVEL_08,Dayni Moon,WF-011,0x092FF298,0x092FF29C,0x092FF2A0,0x091480B8,0x0E45202E,0x0C000000 | ((profiler_hook >> 2) & 0x03FFFFFF),VANILLA
9,LEVEL_09,Inside Clank,WF-005,0x09148228,0x0914822C,0x09148230,0x0914805C,0x0E452017,0x0C000000 | ((profiler_hook >> 2) & 0x03FFFFFF),VANILLA
9,LEVEL_09,Inside Clank,WF-005,0x09148244,0x09148248,0x0914824C,0x0914805C,0x0E452017,0x0C000000 | ((profiler_hook >> 2) & 0x03FFFFFF),VANILLA
9,LEVEL_09,Inside Clank,WF-005,0x09148260,0x09148264,0x09148268,0x0914805C,0x0E452017,0x0C000000 | ((profiler_hook >> 2) & 0x03FFFFFF),VANILLA
9,LEVEL_09,Inside Clank,WF-018,0x091482B8,0x091482BC,0x091482C0,0x0914805C,0x0E452017,0x0C000000 | ((profiler_hook >> 2) & 0x03FFFFFF),VANILLA
9,LEVEL_09,Inside Clank,WF-018,0x091482D4,0x091482D8,0x091482DC,0x0914805C,0x0E452017,0x0C000000 | ((profiler_hook >> 2) & 0x03FFFFFF),VANILLA
9,LEVEL_09,Inside Clank,WF-013,0x09148518,0x0914851C,0x09148520,0x0914805C,0x0E452017,0x0C000000 | ((profiler_hook >> 2) & 0x03FFFFFF),VANILLA
9,LEVEL_09,Inside Clank,WF-013,0x0914853C,0x09148540,0x09148544,0x0914805C,0x0E452017,0x0C000000 | ((profiler_hook >> 2) & 0x03FFFFFF),VANILLA
9,LEVEL_09,Inside Clank,WF-014,0x09161B64,0x09161B68,0x09161B6C,0x0914805C,0x0E452017,0x0C000000 | ((profiler_hook >> 2) & 0x03FFFFFF),VANILLA
9,LEVEL_09,Inside Clank,WF-014,0x09161B88,0x09161B8C,0x09161B90,0x0914805C,0x0E452017,0x0C000000 | ((profiler_hook >> 2) & 0x03FFFFFF),VANILLA
9,LEVEL_09,Inside Clank,WF-014,0x09161BAC,0x09161BB0,0x09161BB4,0x0914805C,0x0E452017,0x0C000000 | ((profiler_hook >> 2) & 0x03FFFFFF),VANILLA
9,LEVEL_09,Inside Clank,WF-002,0x09180980,0x09180984,0x09180988,0x0914805C,0x0E452017,0x0C000000 | ((profiler_hook >> 2) & 0x03FFFFFF),VANILLA
9,LEVEL_09,Inside Clank,WF-001,0x0918105C,0x09181060,0x09181064,0x0914805C,0x0E452017,0x0C000000 | ((profiler_hook >> 2) & 0x03FFFFFF),VANILLA
9,LEVEL_09,Inside Clank,WF-001,0x09181090,0x09181094,0x09181098,0x0914805C,0x0E452017,0x0C000000 | ((profiler_hook >> 2) & 0x03FFFFFF),VANILLA
9,LEVEL_09,Inside Clank,WF-001,0x0918120C,0x09181210,0x09181214,0x0914805C,0x0E452017,0x0C000000 | ((profiler_hook >> 2) & 0x03FFFFFF),VANILLA
9,LEVEL_09,Inside Clank,WF-003,0x09185334,0x09185338,0x0918533C,0x0914805C,0x0E452017,0x0C000000 | ((profiler_hook >> 2) & 0x03FFFFFF),VANILLA
9,LEVEL_09,Inside Clank,WF-004,0x0918CEA8,0x0918CEAC,0x0918CEB0,0x0914805C,0x0E452017,0x0C000000 | ((profiler_hook >> 2) & 0x03FFFFFF),VANILLA
9,LEVEL_09,Inside Clank,WF-008,0x0923EA08,0x0923EA0C,0x0923EA10,0x0914805C,0x0E452017,0x0C000000 | ((profiler_hook >> 2) & 0x03FFFFFF),VANILLA
9,LEVEL_09,Inside Clank,WF-008,0x0923EA28,0x0923EA2C,0x0923EA30,0x0914805C,0x0E452017,0x0C000000 | ((profiler_hook >> 2) & 0x03FFFFFF),VANILLA
9,LEVEL_09,Inside Clank,WF-009,0x0923EC88,0x0923EC8C,0x0923EC90,0x0914805C,0x0E452017,0x0C000000 | ((profiler_hook >> 2) & 0x03FFFFFF),VANILLA
9,LEVEL_09,Inside Clank,WF-009,0x0923ECA8,0x0923ECAC,0x0923ECB0,0x0914805C,0x0E452017,0x0C000000 | ((profiler_hook >> 2) & 0x03FFFFFF),VANILLA
9,LEVEL_09,Inside Clank,WF-007,0x0923EED8,0x0923EEDC,0x0923EEE0,0x0914805C,0x0E452017,0x0C000000 | ((profiler_hook >> 2) & 0x03FFFFFF),VANILLA
9,LEVEL_09,Inside Clank,WF-007,0x0923EF58,0x0923EF5C,0x0923EF60,0x0914805C,0x0E452017,0x0C000000 | ((profiler_hook >> 2) & 0x03FFFFFF),VANILLA
9,LEVEL_09,Inside Clank,WF-007,0x0923EF80,0x0923EF84,0x0923EF88,0x0914805C,0x0E452017,0x0C000000 | ((profiler_hook >> 2) & 0x03FFFFFF),VANILLA
9,LEVEL_09,Inside Clank,WF-010,0x09241964,0x09241968,0x0924196C,0x0914805C,0x0E452017,0x0C000000 | ((profiler_hook >> 2) & 0x03FFFFFF),VANILLA
9,LEVEL_09,Inside Clank,WF-010,0x09241A24,0x09241A28,0x09241A2C,0x0914805C,0x0E452017,0x0C000000 | ((profiler_hook >> 2) & 0x03FFFFFF),VANILLA
9,LEVEL_09,Inside Clank,WF-016,0x09273520,0x09273524,0x09273528,0x0914805C,0x0E452017,0x0C000000 | ((profiler_hook >> 2) & 0x03FFFFFF),VANILLA
9,LEVEL_09,Inside Clank,WF-016,0x092737C4,0x092737C8,0x092737CC,0x0914805C,0x0E452017,0x0C000000 | ((profiler_hook >> 2) & 0x03FFFFFF),VANILLA
9,LEVEL_09,Inside Clank,WF-006,0x0928FCB8,0x0928FCBC,0x0928FCC0,0x0914805C,0x0E452017,0x0C000000 | ((profiler_hook >> 2) & 0x03FFFFFF),VANILLA
9,LEVEL_09,Inside Clank,WF-012,0x092B36B4,0x092B36B8,0x092B36BC,0x0914805C,0x0E452017,0x0C000000 | ((profiler_hook >> 2) & 0x03FFFFFF),VANILLA
9,LEVEL_09,Inside Clank,WF-011,0x092B3DA0,0x092B3DA4,0x092B3DA8,0x0914805C,0x0E452017,0x0C000000 | ((profiler_hook >> 2) & 0x03FFFFFF),VANILLA
9,LEVEL_09,Inside Clank,WF-011,0x092B3DBC,0x092B3DC0,0x092B3DC4,0x0914805C,0x0E452017,0x0C000000 | ((profiler_hook >> 2) & 0x03FFFFFF),VANILLA
10,LEVEL_10,Quadrona,WF-005,0x09148024,0x09148028,0x0914802C,0x09147DD8,0x0E451F76,0x0C000000 | ((profiler_hook >> 2) & 0x03FFFFFF),VANILLA
10,LEVEL_10,Quadrona,WF-005,0x09148040,0x09148044,0x09148048,0x09147DD8,0x0E451F76,0x0C000000 | ((profiler_hook >> 2) & 0x03FFFFFF),VANILLA
10,LEVEL_10,Quadrona,WF-005,0x0914805C,0x09148060,0x09148064,0x09147DD8,0x0E451F76,0x0C000000 | ((profiler_hook >> 2) & 0x03FFFFFF),VANILLA
10,LEVEL_10,Quadrona,WF-018,0x091480B4,0x091480B8,0x091480BC,0x09147DD8,0x0E451F76,0x0C000000 | ((profiler_hook >> 2) & 0x03FFFFFF),VANILLA
10,LEVEL_10,Quadrona,WF-018,0x091480D0,0x091480D4,0x091480D8,0x09147DD8,0x0E451F76,0x0C000000 | ((profiler_hook >> 2) & 0x03FFFFFF),VANILLA
10,LEVEL_10,Quadrona,WF-013,0x09148314,0x09148318,0x0914831C,0x09147DD8,0x0E451F76,0x0C000000 | ((profiler_hook >> 2) & 0x03FFFFFF),VANILLA
10,LEVEL_10,Quadrona,WF-013,0x09148338,0x0914833C,0x09148340,0x09147DD8,0x0E451F76,0x0C000000 | ((profiler_hook >> 2) & 0x03FFFFFF),VANILLA
10,LEVEL_10,Quadrona,WF-014,0x09162CC4,0x09162CC8,0x09162CCC,0x09147DD8,0x0E451F76,0x0C000000 | ((profiler_hook >> 2) & 0x03FFFFFF),VANILLA
10,LEVEL_10,Quadrona,WF-014,0x09162CE8,0x09162CEC,0x09162CF0,0x09147DD8,0x0E451F76,0x0C000000 | ((profiler_hook >> 2) & 0x03FFFFFF),VANILLA
10,LEVEL_10,Quadrona,WF-014,0x09162D0C,0x09162D10,0x09162D14,0x09147DD8,0x0E451F76,0x0C000000 | ((profiler_hook >> 2) & 0x03FFFFFF),VANILLA
10,LEVEL_10,Quadrona,WF-021,0x09163228,0x0916322C,0x09163230,0x09147DD8,0x0E451F76,0x0C000000 | ((profiler_hook >> 2) & 0x03FFFFFF),VANILLA
10,LEVEL_10,Quadrona,WF-059,0x0916487C,0x09164880,0x09164884,0x09147DD8,0x0E451F76,0x0C000000 | ((profiler_hook >> 2) & 0x03FFFFFF),VANILLA
10,LEVEL_10,Quadrona,WF-002,0x091829E8,0x091829EC,0x091829F0,0x09147DD8,0x0E451F76,0x0C000000 | ((profiler_hook >> 2) & 0x03FFFFFF),VANILLA
10,LEVEL_10,Quadrona,WF-001,0x091830C4,0x091830C8,0x091830CC,0x09147DD8,0x0E451F76,0x0C000000 | ((profiler_hook >> 2) & 0x03FFFFFF),VANILLA
10,LEVEL_10,Quadrona,WF-001,0x091830F8,0x091830FC,0x09183100,0x09147DD8,0x0E451F76,0x0C000000 | ((profiler_hook >> 2) & 0x03FFFFFF),VANILLA
10,LEVEL_10,Quadrona,WF-001,0x09183274,0x09183278,0x0918327C,0x09147DD8,0x0E451F76,0x0C000000 | ((profiler_hook >> 2) & 0x03FFFFFF),VANILLA
10,LEVEL_10,Quadrona,WF-003,0x0918739C,0x091873A0,0x091873A4,0x09147DD8,0x0E451F76,0x0C000000 | ((profiler_hook >> 2) & 0x03FFFFFF),VANILLA
10,LEVEL_10,Quadrona,WF-004,0x0918EF78,0x0918EF7C,0x0918EF80,0x09147DD8,0x0E451F76,0x0C000000 | ((profiler_hook >> 2) & 0x03FFFFFF),VANILLA
10,LEVEL_10,Quadrona,WF-008,0x09242F78,0x09242F7C,0x09242F80,0x09147DD8,0x0E451F76,0x0C000000 | ((profiler_hook >> 2) & 0x03FFFFFF),VANILLA
10,LEVEL_10,Quadrona,WF-008,0x09242F98,0x09242F9C,0x09242FA0,0x09147DD8,0x0E451F76,0x0C000000 | ((profiler_hook >> 2) & 0x03FFFFFF),VANILLA
10,LEVEL_10,Quadrona,WF-009,0x092431F8,0x092431FC,0x09243200,0x09147DD8,0x0E451F76,0x0C000000 | ((profiler_hook >> 2) & 0x03FFFFFF),VANILLA
10,LEVEL_10,Quadrona,WF-009,0x09243218,0x0924321C,0x09243220,0x09147DD8,0x0E451F76,0x0C000000 | ((profiler_hook >> 2) & 0x03FFFFFF),VANILLA
10,LEVEL_10,Quadrona,WF-007,0x09243448,0x0924344C,0x09243450,0x09147DD8,0x0E451F76,0x0C000000 | ((profiler_hook >> 2) & 0x03FFFFFF),VANILLA
10,LEVEL_10,Quadrona,WF-007,0x092434C8,0x092434CC,0x092434D0,0x09147DD8,0x0E451F76,0x0C000000 | ((profiler_hook >> 2) & 0x03FFFFFF),VANILLA
10,LEVEL_10,Quadrona,WF-007,0x092434F0,0x092434F4,0x092434F8,0x09147DD8,0x0E451F76,0x0C000000 | ((profiler_hook >> 2) & 0x03FFFFFF),VANILLA
10,LEVEL_10,Quadrona,WF-010,0x09245ED4,0x09245ED8,0x09245EDC,0x09147DD8,0x0E451F76,0x0C000000 | ((profiler_hook >> 2) & 0x03FFFFFF),VANILLA
10,LEVEL_10,Quadrona,WF-010,0x09245F94,0x09245F98,0x09245F9C,0x09147DD8,0x0E451F76,0x0C000000 | ((profiler_hook >> 2) & 0x03FFFFFF),VANILLA
10,LEVEL_10,Quadrona,WF-016,0x0927FB98,0x0927FB9C,0x0927FBA0,0x09147DD8,0x0E451F76,0x0C000000 | ((profiler_hook >> 2) & 0x03FFFFFF),VANILLA
10,LEVEL_10,Quadrona,WF-016,0x0927FE3C,0x0927FE40,0x0927FE44,0x09147DD8,0x0E451F76,0x0C000000 | ((profiler_hook >> 2) & 0x03FFFFFF),VANILLA
10,LEVEL_10,Quadrona,WF-006,0x092A0EA0,0x092A0EA4,0x092A0EA8,0x09147DD8,0x0E451F76,0x0C000000 | ((profiler_hook >> 2) & 0x03FFFFFF),VANILLA
10,LEVEL_10,Quadrona,WF-019,0x092C4380,0x092C4384,0x092C4388,0x09147DD8,0x0E451F76,0x0C000000 | ((profiler_hook >> 2) & 0x03FFFFFF),VANILLA
10,LEVEL_10,Quadrona,WF-019,0x092C4600,0x092C4604,0x092C4608,0x09147DD8,0x0E451F76,0x0C000000 | ((profiler_hook >> 2) & 0x03FFFFFF),VANILLA
10,LEVEL_10,Quadrona,WF-012,0x092CD970,0x092CD974,0x092CD978,0x09147DD8,0x0E451F76,0x0C000000 | ((profiler_hook >> 2) & 0x03FFFFFF),VANILLA
10,LEVEL_10,Quadrona,WF-011,0x092CE05C,0x092CE060,0x092CE064,0x09147DD8,0x0E451F76,0x0C000000 | ((profiler_hook >> 2) & 0x03FFFFFF),VANILLA
10,LEVEL_10,Quadrona,WF-011,0x092CE078,0x092CE07C,0x092CE080,0x09147DD8,0x0E451F76,0x0C000000 | ((profiler_hook >> 2) & 0x03FFFFFF),VANILLA
15,LEVEL_15,Giant Clank — niveau 4,WF-002,0x0917652C,0x09176530,0x09176534,0x091475E8,0x0E451D7A,0x0C000000 | ((profiler_hook >> 2) & 0x03FFFFFF),VANILLA
15,LEVEL_15,Giant Clank — niveau 4,WF-001,0x09176C08,0x09176C0C,0x09176C10,0x091475E8,0x0E451D7A,0x0C000000 | ((profiler_hook >> 2) & 0x03FFFFFF),VANILLA
15,LEVEL_15,Giant Clank — niveau 4,WF-001,0x09176C3C,0x09176C40,0x09176C44,0x091475E8,0x0E451D7A,0x0C000000 | ((profiler_hook >> 2) & 0x03FFFFFF),VANILLA
15,LEVEL_15,Giant Clank — niveau 4,WF-001,0x09176DB8,0x09176DBC,0x09176DC0,0x091475E8,0x0E451D7A,0x0C000000 | ((profiler_hook >> 2) & 0x03FFFFFF),VANILLA
15,LEVEL_15,Giant Clank — niveau 4,WF-003,0x0917AA58,0x0917AA5C,0x0917AA60,0x091475E8,0x0E451D7A,0x0C000000 | ((profiler_hook >> 2) & 0x03FFFFFF),VANILLA
15,LEVEL_15,Giant Clank — niveau 4,WF-004,0x0918251C,0x09182520,0x09182524,0x091475E8,0x0E451D7A,0x0C000000 | ((profiler_hook >> 2) & 0x03FFFFFF),VANILLA
21,LEVEL_21,Giant Clank — niveau 7,WF-002,0x0917652C,0x09176530,0x09176534,0x091475E8,0x0E451D7A,0x0C000000 | ((profiler_hook >> 2) & 0x03FFFFFF),VANILLA
21,LEVEL_21,Giant Clank — niveau 7,WF-001,0x09176C08,0x09176C0C,0x09176C10,0x091475E8,0x0E451D7A,0x0C000000 | ((profiler_hook >> 2) & 0x03FFFFFF),VANILLA
21,LEVEL_21,Giant Clank — niveau 7,WF-001,0x09176C3C,0x09176C40,0x09176C44,0x091475E8,0x0E451D7A,0x0C000000 | ((profiler_hook >> 2) & 0x03FFFFFF),VANILLA
21,LEVEL_21,Giant Clank — niveau 7,WF-001,0x09176DB8,0x09176DBC,0x09176DC0,0x091475E8,0x0E451D7A,0x0C000000 | ((profiler_hook >> 2) & 0x03FFFFFF),VANILLA
21,LEVEL_21,Giant Clank — niveau 7,WF-003,0x0917AA58,0x0917AA5C,0x0917AA60,0x091475E8,0x0E451D7A,0x0C000000 | ((profiler_hook >> 2) & 0x03FFFFFF),VANILLA
21,LEVEL_21,Giant Clank — niveau 7,WF-004,0x0918251C,0x09182520,0x09182524,0x091475E8,0x0E451D7A,0x0C000000 | ((profiler_hook >> 2) & 0x03FFFFFF),VANILLA
22,LEVEL_22,Airboard — niveau 3,WF-005,0x09147ADC,0x09147AE0,0x09147AE4,0x09147890,0x0E451E24,0x0C000000 | ((profiler_hook >> 2) & 0x03FFFFFF),VANILLA
22,LEVEL_22,Airboard — niveau 3,WF-005,0x09147AF8,0x09147AFC,0x09147B00,0x09147890,0x0E451E24,0x0C000000 | ((profiler_hook >> 2) & 0x03FFFFFF),VANILLA
22,LEVEL_22,Airboard — niveau 3,WF-005,0x09147B14,0x09147B18,0x09147B1C,0x09147890,0x0E451E24,0x0C000000 | ((profiler_hook >> 2) & 0x03FFFFFF),VANILLA
22,LEVEL_22,Airboard — niveau 3,WF-002,0x0917A3B0,0x0917A3B4,0x0917A3B8,0x09147890,0x0E451E24,0x0C000000 | ((profiler_hook >> 2) & 0x03FFFFFF),VANILLA
22,LEVEL_22,Airboard — niveau 3,WF-001,0x0917AA8C,0x0917AA90,0x0917AA94,0x09147890,0x0E451E24,0x0C000000 | ((profiler_hook >> 2) & 0x03FFFFFF),VANILLA
22,LEVEL_22,Airboard — niveau 3,WF-001,0x0917AAC0,0x0917AAC4,0x0917AAC8,0x09147890,0x0E451E24,0x0C000000 | ((profiler_hook >> 2) & 0x03FFFFFF),VANILLA
22,LEVEL_22,Airboard — niveau 3,WF-001,0x0917AC3C,0x0917AC40,0x0917AC44,0x09147890,0x0E451E24,0x0C000000 | ((profiler_hook >> 2) & 0x03FFFFFF),VANILLA
22,LEVEL_22,Airboard — niveau 3,WF-003,0x0917E8DC,0x0917E8E0,0x0917E8E4,0x09147890,0x0E451E24,0x0C000000 | ((profiler_hook >> 2) & 0x03FFFFFF),VANILLA
22,LEVEL_22,Airboard — niveau 3,WF-004,0x091867B8,0x091867BC,0x091867C0,0x09147890,0x0E451E24,0x0C000000 | ((profiler_hook >> 2) & 0x03FFFFFF),VANILLA
22,LEVEL_22,Airboard — niveau 3,WF-006,0x0923E370,0x0923E374,0x0923E378,0x09147890,0x0E451E24,0x0C000000 | ((profiler_hook >> 2) & 0x03FFFFFF),VANILLA
22,LEVEL_22,Airboard — niveau 3,WF-024,0x09242F74,0x09242F78,0x09242F7C,0x09147890,0x0E451E24,0x0C000000 | ((profiler_hook >> 2) & 0x03FFFFFF),VANILLA
23,LEVEL_23,Airboard — niveau 6,WF-005,0x09148120,0x09148124,0x09148128,0x09147ED4,0x0E451FB5,0x0C000000 | ((profiler_hook >> 2) & 0x03FFFFFF),VANILLA
23,LEVEL_23,Airboard — niveau 6,WF-005,0x0914813C,0x09148140,0x09148144,0x09147ED4,0x0E451FB5,0x0C000000 | ((profiler_hook >> 2) & 0x03FFFFFF),VANILLA
23,LEVEL_23,Airboard — niveau 6,WF-005,0x09148158,0x0914815C,0x09148160,0x09147ED4,0x0E451FB5,0x0C000000 | ((profiler_hook >> 2) & 0x03FFFFFF),VANILLA
23,LEVEL_23,Airboard — niveau 6,WF-015,0x09149D58,0x09149D5C,0x09149D60,0x09147ED4,0x0E451FB5,0x0C000000 | ((profiler_hook >> 2) & 0x03FFFFFF),VANILLA
23,LEVEL_23,Airboard — niveau 6,WF-002,0x0917D5F4,0x0917D5F8,0x0917D5FC,0x09147ED4,0x0E451FB5,0x0C000000 | ((profiler_hook >> 2) & 0x03FFFFFF),VANILLA
23,LEVEL_23,Airboard — niveau 6,WF-001,0x0917DCD0,0x0917DCD4,0x0917DCD8,0x09147ED4,0x0E451FB5,0x0C000000 | ((profiler_hook >> 2) & 0x03FFFFFF),VANILLA
23,LEVEL_23,Airboard — niveau 6,WF-001,0x0917DD04,0x0917DD08,0x0917DD0C,0x09147ED4,0x0E451FB5,0x0C000000 | ((profiler_hook >> 2) & 0x03FFFFFF),VANILLA
23,LEVEL_23,Airboard — niveau 6,WF-001,0x0917DE80,0x0917DE84,0x0917DE88,0x09147ED4,0x0E451FB5,0x0C000000 | ((profiler_hook >> 2) & 0x03FFFFFF),VANILLA
23,LEVEL_23,Airboard — niveau 6,WF-003,0x09181B20,0x09181B24,0x09181B28,0x09147ED4,0x0E451FB5,0x0C000000 | ((profiler_hook >> 2) & 0x03FFFFFF),VANILLA
23,LEVEL_23,Airboard — niveau 6,WF-004,0x09189A94,0x09189A98,0x09189A9C,0x09147ED4,0x0E451FB5,0x0C000000 | ((profiler_hook >> 2) & 0x03FFFFFF),VANILLA
23,LEVEL_23,Airboard — niveau 6,WF-008,0x09238988,0x0923898C,0x09238990,0x09147ED4,0x0E451FB5,0x0C000000 | ((profiler_hook >> 2) & 0x03FFFFFF),VANILLA
23,LEVEL_23,Airboard — niveau 6,WF-008,0x092389A8,0x092389AC,0x092389B0,0x09147ED4,0x0E451FB5,0x0C000000 | ((profiler_hook >> 2) & 0x03FFFFFF),VANILLA
23,LEVEL_23,Airboard — niveau 6,WF-009,0x09238C08,0x09238C0C,0x09238C10,0x09147ED4,0x0E451FB5,0x0C000000 | ((profiler_hook >> 2) & 0x03FFFFFF),VANILLA
23,LEVEL_23,Airboard — niveau 6,WF-009,0x09238C28,0x09238C2C,0x09238C30,0x09147ED4,0x0E451FB5,0x0C000000 | ((profiler_hook >> 2) & 0x03FFFFFF),VANILLA
23,LEVEL_23,Airboard — niveau 6,WF-007,0x09238E58,0x09238E5C,0x09238E60,0x09147ED4,0x0E451FB5,0x0C000000 | ((profiler_hook >> 2) & 0x03FFFFFF),VANILLA
23,LEVEL_23,Airboard — niveau 6,WF-007,0x09238ED8,0x09238EDC,0x09238EE0,0x09147ED4,0x0E451FB5,0x0C000000 | ((profiler_hook >> 2) & 0x03FFFFFF),VANILLA
23,LEVEL_23,Airboard — niveau 6,WF-007,0x09238F00,0x09238F04,0x09238F08,0x09147ED4,0x0E451FB5,0x0C000000 | ((profiler_hook >> 2) & 0x03FFFFFF),VANILLA
23,LEVEL_23,Airboard — niveau 6,WF-010,0x0923B8E4,0x0923B8E8,0x0923B8EC,0x09147ED4,0x0E451FB5,0x0C000000 | ((profiler_hook >> 2) & 0x03FFFFFF),VANILLA
23,LEVEL_23,Airboard — niveau 6,WF-010,0x0923B9A4,0x0923B9A8,0x0923B9AC,0x09147ED4,0x0E451FB5,0x0C000000 | ((profiler_hook >> 2) & 0x03FFFFFF),VANILLA
23,LEVEL_23,Airboard — niveau 6,WF-006,0x0927E8A8,0x0927E8AC,0x0927E8B0,0x09147ED4,0x0E451FB5,0x0C000000 | ((profiler_hook >> 2) & 0x03FFFFFF),VANILLA
23,LEVEL_23,Airboard — niveau 6,WF-024,0x09290A8C,0x09290A90,0x09290A94,0x09147ED4,0x0E451FB5,0x0C000000 | ((profiler_hook >> 2) & 0x03FFFFFF),VANILLA
23,LEVEL_23,Airboard — niveau 6,WF-012,0x0929E8AC,0x0929E8B0,0x0929E8B4,0x09147ED4,0x0E451FB5,0x0C000000 | ((profiler_hook >> 2) & 0x03FFFFFF),VANILLA
23,LEVEL_23,Airboard — niveau 6,WF-011,0x0929EF98,0x0929EF9C,0x0929EFA0,0x09147ED4,0x0E451FB5,0x0C000000 | ((profiler_hook >> 2) & 0x03FFFFFF),VANILLA
23,LEVEL_23,Airboard — niveau 6,WF-011,0x0929EFB4,0x0929EFB8,0x0929EFBC,0x09147ED4,0x0E451FB5,0x0C000000 | ((profiler_hook >> 2) & 0x03FFFFFF),VANILLA
24,LEVEL_24,HIG Treehouse,WF-005,0x09147D40,0x09147D44,0x09147D48,0x09147B74,0x0E451EDD,0x0C000000 | ((profiler_hook >> 2) & 0x03FFFFFF),VANILLA
24,LEVEL_24,HIG Treehouse,WF-005,0x09147D5C,0x09147D60,0x09147D64,0x09147B74,0x0E451EDD,0x0C000000 | ((profiler_hook >> 2) & 0x03FFFFFF),VANILLA
24,LEVEL_24,HIG Treehouse,WF-005,0x09147D78,0x09147D7C,0x09147D80,0x09147B74,0x0E451EDD,0x0C000000 | ((profiler_hook >> 2) & 0x03FFFFFF),VANILLA
24,LEVEL_24,HIG Treehouse,WF-015,0x09149C6C,0x09149C70,0x09149C74,0x09147B74,0x0E451EDD,0x0C000000 | ((profiler_hook >> 2) & 0x03FFFFFF),VANILLA
24,LEVEL_24,HIG Treehouse,WF-002,0x0917D400,0x0917D404,0x0917D408,0x09147B74,0x0E451EDD,0x0C000000 | ((profiler_hook >> 2) & 0x03FFFFFF),VANILLA
24,LEVEL_24,HIG Treehouse,WF-001,0x0917DADC,0x0917DAE0,0x0917DAE4,0x09147B74,0x0E451EDD,0x0C000000 | ((profiler_hook >> 2) & 0x03FFFFFF),VANILLA
24,LEVEL_24,HIG Treehouse,WF-001,0x0917DB10,0x0917DB14,0x0917DB18,0x09147B74,0x0E451EDD,0x0C000000 | ((profiler_hook >> 2) & 0x03FFFFFF),VANILLA
24,LEVEL_24,HIG Treehouse,WF-001,0x0917DC8C,0x0917DC90,0x0917DC94,0x09147B74,0x0E451EDD,0x0C000000 | ((profiler_hook >> 2) & 0x03FFFFFF),VANILLA
24,LEVEL_24,HIG Treehouse,WF-003,0x09181DB4,0x09181DB8,0x09181DBC,0x09147B74,0x0E451EDD,0x0C000000 | ((profiler_hook >> 2) & 0x03FFFFFF),VANILLA
24,LEVEL_24,HIG Treehouse,WF-004,0x09189928,0x0918992C,0x09189930,0x09147B74,0x0E451EDD,0x0C000000 | ((profiler_hook >> 2) & 0x03FFFFFF),VANILLA
24,LEVEL_24,HIG Treehouse,WF-008,0x0923B274,0x0923B278,0x0923B27C,0x09147B74,0x0E451EDD,0x0C000000 | ((profiler_hook >> 2) & 0x03FFFFFF),VANILLA
24,LEVEL_24,HIG Treehouse,WF-008,0x0923B294,0x0923B298,0x0923B29C,0x09147B74,0x0E451EDD,0x0C000000 | ((profiler_hook >> 2) & 0x03FFFFFF),VANILLA
24,LEVEL_24,HIG Treehouse,WF-009,0x0923B4F4,0x0923B4F8,0x0923B4FC,0x09147B74,0x0E451EDD,0x0C000000 | ((profiler_hook >> 2) & 0x03FFFFFF),VANILLA
24,LEVEL_24,HIG Treehouse,WF-009,0x0923B514,0x0923B518,0x0923B51C,0x09147B74,0x0E451EDD,0x0C000000 | ((profiler_hook >> 2) & 0x03FFFFFF),VANILLA
24,LEVEL_24,HIG Treehouse,WF-007,0x0923B744,0x0923B748,0x0923B74C,0x09147B74,0x0E451EDD,0x0C000000 | ((profiler_hook >> 2) & 0x03FFFFFF),VANILLA
24,LEVEL_24,HIG Treehouse,WF-007,0x0923B7C4,0x0923B7C8,0x0923B7CC,0x09147B74,0x0E451EDD,0x0C000000 | ((profiler_hook >> 2) & 0x03FFFFFF),VANILLA
24,LEVEL_24,HIG Treehouse,WF-007,0x0923B7EC,0x0923B7F0,0x0923B7F4,0x09147B74,0x0E451EDD,0x0C000000 | ((profiler_hook >> 2) & 0x03FFFFFF),VANILLA
24,LEVEL_24,HIG Treehouse,WF-010,0x0923E1D0,0x0923E1D4,0x0923E1D8,0x09147B74,0x0E451EDD,0x0C000000 | ((profiler_hook >> 2) & 0x03FFFFFF),VANILLA
24,LEVEL_24,HIG Treehouse,WF-010,0x0923E290,0x0923E294,0x0923E298,0x09147B74,0x0E451EDD,0x0C000000 | ((profiler_hook >> 2) & 0x03FFFFFF),VANILLA
24,LEVEL_24,HIG Treehouse,WF-006,0x0927CE3C,0x0927CE40,0x0927CE44,0x09147B74,0x0E451EDD,0x0C000000 | ((profiler_hook >> 2) & 0x03FFFFFF),VANILLA
24,LEVEL_24,HIG Treehouse,WF-012,0x0929C550,0x0929C554,0x0929C558,0x09147B74,0x0E451EDD,0x0C000000 | ((profiler_hook >> 2) & 0x03FFFFFF),VANILLA
24,LEVEL_24,HIG Treehouse,WF-011,0x0929CC3C,0x0929CC40,0x0929CC44,0x09147B74,0x0E451EDD,0x0C000000 | ((profiler_hook >> 2) & 0x03FFFFFF),VANILLA
24,LEVEL_24,HIG Treehouse,WF-011,0x0929CC58,0x0929CC5C,0x0929CC60,0x09147B74,0x0E451EDD,0x0C000000 | ((profiler_hook >> 2) & 0x03FFFFFF),VANILLA
